# Blender 3.4.1
# www.blender.org
mtllib satellite.mtl
o satellite_final
v -1.865915 1.314723 -0.080020
v -1.865915 -0.755528 -0.080020
v -1.865915 -0.755528 0.407102
v -1.865915 1.314723 0.407102
v -1.865915 2.109401 -1.884463
v -1.865915 2.109400 1.896848
v -1.865915 -1.550161 1.896848
v -1.865915 -1.550160 -1.884463
v -1.865915 1.314723 -0.518160
v -1.865915 1.314723 -0.995455
v -1.865915 -0.755528 -0.995455
v -1.865915 -0.755528 -0.509585
v -1.865915 1.314722 1.318357
v -1.865915 1.314723 0.831235
v -1.865915 -0.755529 0.831235
v -1.865915 -0.755529 1.318357
v 1.793646 -1.550161 1.896848
v 1.793646 -1.550160 -1.884463
v -1.071299 -1.550161 0.407102
v -1.071299 -1.550161 -0.080020
v 0.999014 -1.550161 -0.080020
v 0.999014 -1.550161 0.407102
v -1.071299 -1.550161 -0.509585
v -1.071299 -1.550160 -0.995456
v 0.999014 -1.550160 -0.995456
v 0.999014 -1.550160 -0.518160
v -1.071299 -1.550161 1.318357
v -1.071299 -1.550161 0.831235
v 0.999014 -1.550161 0.831235
v 0.999014 -1.550161 1.318357
v -1.071299 2.109400 -0.509585
v 0.999014 2.231165 -0.518160
v 0.999014 2.109400 -0.518160
v -1.071299 2.231165 -0.509585
v 0.999014 2.109400 0.831235
v -1.071299 2.231165 0.831235
v -1.071299 2.109400 0.831235
v 0.999014 2.231165 0.831235
v 0.999014 2.109400 1.318357
v 0.999014 2.231165 1.318357
v -1.071299 2.231165 -0.080020
v -1.071299 2.109400 -0.080020
v 0.999014 2.109400 -0.080020
v 0.999014 2.231165 -0.080020
v 1.793646 -0.755529 1.318357
v 1.915426 -0.755529 0.831235
v 1.793646 -0.755529 0.831235
v 1.915426 -0.755529 1.318357
v 1.793646 1.314723 -0.995455
v 1.915426 1.314723 -0.518160
v 1.793646 1.314723 -0.518160
v 1.915426 1.314723 -0.995455
v 1.793646 -0.755528 0.407102
v 1.915426 -0.755528 -0.080020
v 1.793646 -0.755528 -0.080020
v 1.915426 -0.755528 0.407102
v -1.071299 -1.671942 0.831235
v -1.071299 -1.671942 1.318357
v 0.999014 -1.671941 -0.518161
v 0.999014 -1.671941 -0.995456
v -1.071299 -1.671942 -0.080021
v -1.071299 -1.671942 0.407102
v -1.987680 1.314723 -0.518160
v -1.987680 -0.755528 -0.509585
v -1.987680 1.314723 0.831235
v -1.987680 1.314722 1.318357
v -1.987680 -0.755528 -0.080020
v -1.987680 1.314723 -0.080020
v -0.376963 -0.539892 2.018613
v -0.362986 -0.536261 1.896848
v -0.362986 -0.536261 2.018613
v -0.376963 -0.539892 1.896848
v -0.388254 -0.543219 2.018613
v -0.388254 -0.543219 1.896848
v -0.397043 -0.546362 2.018613
v -0.397043 -0.546362 1.896848
v -0.403574 -0.549505 2.018613
v -0.403574 -0.549505 1.896848
v -0.408213 -0.552710 2.018613
v -0.408213 -0.552710 1.896848
v -0.409983 -0.554419 2.018613
v -0.409983 -0.554419 1.896848
v -0.411325 -0.556158 2.018613
v -0.411325 -0.556158 1.896848
v -0.412363 -0.557989 2.018613
v -0.412363 -0.557989 1.896848
v -0.413095 -0.559912 2.018613
v -0.413095 -0.559912 1.896848
v -0.413767 -0.564001 2.018613
v -0.413767 -0.564001 1.896848
v -0.413584 -0.568365 2.018613
v -0.413584 -0.568365 1.896848
v -0.412607 -0.572973 2.018613
v -0.412607 -0.572973 1.896848
v -0.408762 -0.582373 2.018612
v -0.408762 -0.582373 1.896848
v -0.402964 -0.591162 2.018612
v -0.402964 -0.591162 1.896848
v -0.396189 -0.598364 2.018612
v -0.396189 -0.598364 1.896848
v -0.388925 -0.603765 2.018612
v -0.388925 -0.603765 1.896848
v -0.380442 -0.608068 2.018612
v -0.380442 -0.608068 1.896848
v -0.368723 -0.613043 2.018612
v -0.368723 -0.613043 1.896848
v -0.351511 -0.620581 2.018612
v -0.351511 -0.620581 1.896848
v -0.340341 -0.625738 2.018612
v -0.340341 -0.625738 1.896848
v -0.327219 -0.631994 2.018612
v -0.327219 -0.631994 1.896848
v -0.312082 -0.639318 2.018612
v -0.312082 -0.639318 1.896848
v -0.295053 -0.647680 2.018612
v -0.295053 -0.647680 1.896848
v -0.255258 -0.667395 2.018612
v -0.255258 -0.667395 1.896848
v -0.208811 -0.690252 2.018612
v -0.208811 -0.690252 1.896848
v -0.156992 -0.715033 2.018612
v -0.156992 -0.715033 1.896848
v -0.101633 -0.740210 2.018612
v -0.101633 -0.740210 1.896848
v -0.044504 -0.764318 2.018612
v -0.044504 -0.764318 1.896848
v 0.012503 -0.785925 2.018612
v 0.012503 -0.785925 1.896848
v 0.067801 -0.803991 2.018612
v 0.067801 -0.803991 1.896848
v 0.119986 -0.817846 2.018612
v 0.119986 -0.817846 1.896848
v 0.168295 -0.827368 2.018612
v 0.168295 -0.827368 1.896848
v 0.212240 -0.832830 2.018612
v 0.212240 -0.832830 1.896848
v 0.251669 -0.834845 2.018612
v 0.251669 -0.834845 1.896848
v 0.286551 -0.834143 2.018612
v 0.286551 -0.834143 1.896848
v 0.317129 -0.831549 2.018612
v 0.317129 -0.831549 1.896848
v 0.343557 -0.827887 2.018612
v 0.343557 -0.827887 1.896848
v 0.366079 -0.823767 2.018612
v 0.366079 -0.823767 1.896848
v 0.384756 -0.819525 2.018612
v 0.384756 -0.819525 1.896848
v 0.399557 -0.815100 2.018612
v 0.399557 -0.815100 1.896848
v 0.410391 -0.809790 2.018612
v 0.410391 -0.809790 1.896848
v 0.414297 -0.806372 2.018612
v 0.414297 -0.806372 1.896848
v 0.415854 -0.804419 2.018612
v 0.415854 -0.804419 1.896848
v 0.417166 -0.802191 2.018612
v 0.417166 -0.802191 1.896848
v 0.418966 -0.796942 2.018612
v 0.418966 -0.796942 1.896848
v 0.419668 -0.790319 2.018612
v 0.419668 -0.790319 1.896848
v 0.419333 -0.782141 2.018612
v 0.419333 -0.782141 1.896848
v 0.417959 -0.772161 2.018612
v 0.417959 -0.772161 1.896848
v 0.415548 -0.760260 2.018612
v 0.415548 -0.760260 1.896848
v 0.412222 -0.746435 2.018612
v 0.412222 -0.746435 1.896848
v 0.403067 -0.713324 2.018612
v 0.403067 -0.713324 1.896848
v 0.391348 -0.674078 2.018612
v 0.391348 -0.674078 1.896848
v 0.364157 -0.586279 2.018612
v 0.364157 -0.586279 1.896848
v 0.350668 -0.542913 2.018613
v 0.350668 -0.542913 1.896848
v 0.338278 -0.503180 2.018613
v 0.338278 -0.503180 1.896848
v 0.327414 -0.468817 2.018613
v 0.327414 -0.468817 1.896848
v 0.318075 -0.440527 2.018613
v 0.318075 -0.440527 1.896848
v 0.309866 -0.418066 2.018613
v 0.309866 -0.418066 1.896848
v 0.302267 -0.400610 2.018613
v 0.302267 -0.400610 1.896848
v 0.294729 -0.387121 2.018613
v 0.294729 -0.387121 1.896848
v 0.287039 -0.376776 2.018613
v 0.287039 -0.376776 1.896848
v 0.279318 -0.369299 2.018613
v 0.279318 -0.369299 1.896848
v 0.275442 -0.366735 2.018613
v 0.275442 -0.366735 1.896848
v 0.271444 -0.364965 2.018613
v 0.271444 -0.364965 1.896848
v 0.267172 -0.364080 2.018613
v 0.267172 -0.364080 1.896848
v 0.262320 -0.364111 2.018613
v 0.262320 -0.364111 1.896848
v 0.249411 -0.367041 2.018613
v 0.249411 -0.367041 1.896848
v 0.240530 -0.369940 2.018613
v 0.240530 -0.369940 1.896848
v 0.229513 -0.373785 2.018613
v 0.229513 -0.373785 1.896848
v 0.216086 -0.378576 2.018613
v 0.216086 -0.378576 1.896848
v 0.199972 -0.384222 2.018613
v 0.199972 -0.384222 1.896848
v 0.181112 -0.390692 2.018613
v 0.181112 -0.390692 1.896848
v 0.159475 -0.397924 2.018613
v 0.159475 -0.397924 1.896848
v 0.135183 -0.405767 2.018613
v 0.135183 -0.405767 1.896848
v 0.108328 -0.414160 2.018613
v 0.108328 -0.414160 1.896848
v 0.048269 -0.432165 2.018613
v 0.048269 -0.432165 1.896848
v -0.018137 -0.450933 2.018613
v -0.018137 -0.450933 1.896848
v -0.156504 -0.487127 2.018613
v -0.156504 -0.487127 1.896848
v -0.221323 -0.502966 2.018613
v -0.221323 -0.502966 1.896848
v -0.251108 -0.510046 2.018613
v -0.251108 -0.510046 1.896848
v -0.278818 -0.516485 2.018613
v -0.278818 -0.516485 1.896848
v -0.304026 -0.522345 2.018613
v -0.304026 -0.522345 1.896848
v -0.326486 -0.527533 2.018613
v -0.326486 -0.527533 1.896848
v -0.346201 -0.532171 2.018613
v -0.346201 -0.532171 1.896848
v 0.434103 -0.329657 2.018613
v 0.446066 -0.324926 1.896848
v 0.446066 -0.324926 2.018613
v 0.434103 -0.329657 1.896848
v 0.424551 -0.334692 2.018613
v 0.424551 -0.334692 1.896848
v 0.417441 -0.340429 2.018613
v 0.417441 -0.340429 1.896848
v 0.414755 -0.343634 2.018613
v 0.414755 -0.343634 1.896848
v 0.412649 -0.347174 2.018613
v 0.412649 -0.347174 1.896848
v 0.411093 -0.351049 2.018613
v 0.411093 -0.351049 1.896848
v 0.410086 -0.355291 2.018613
v 0.410086 -0.355291 1.896848
v 0.409567 -0.365118 2.018613
v 0.409567 -0.365118 1.896848
v 0.410879 -0.376867 2.018613
v 0.410879 -0.376867 1.896848
v 0.413778 -0.390753 2.018613
v 0.413778 -0.390753 1.896848
v 0.418051 -0.406836 2.018613
v 0.418051 -0.406836 1.896848
v 0.423422 -0.425024 2.018613
v 0.423422 -0.425024 1.896848
v 0.436514 -0.467016 2.018613
v 0.436514 -0.467016 1.896848
v 0.451254 -0.514410 2.018613
v 0.451254 -0.514410 1.896848
v 0.466024 -0.563879 2.018613
v 0.466024 -0.563879 1.896848
v 0.479544 -0.611792 2.018612
v 0.479544 -0.611792 1.896848
v 0.490866 -0.654730 2.018612
v 0.490866 -0.654730 1.896848
v 0.495566 -0.673468 2.018612
v 0.495566 -0.673468 1.896848
v 0.499624 -0.690039 2.018612
v 0.499624 -0.690039 1.896848
v 0.503073 -0.704351 2.018612
v 0.503073 -0.704351 1.896848
v 0.506033 -0.716406 2.018612
v 0.506033 -0.716406 1.896848
v 0.511068 -0.734411 2.018612
v 0.511068 -0.734411 1.896848
v 0.516134 -0.746496 2.018612
v 0.516134 -0.746496 1.896848
v 0.522696 -0.755865 2.018612
v 0.522696 -0.755865 1.896848
v 0.531180 -0.764929 2.018612
v 0.531180 -0.764929 1.896848
v 0.549673 -0.781836 2.018612
v 0.549673 -0.781836 1.896848
v 0.553976 -0.784765 2.018612
v 0.553976 -0.784765 1.896848
v 0.558310 -0.786871 2.018612
v 0.558310 -0.786871 1.896848
v 0.563101 -0.788031 2.018612
v 0.563101 -0.788031 1.896848
v 0.568777 -0.788214 2.018612
v 0.568777 -0.788214 1.896848
v 0.584463 -0.785681 2.018612
v 0.584463 -0.785681 1.896848
v 0.595114 -0.783026 2.018612
v 0.595114 -0.783026 1.896848
v 0.607779 -0.779486 2.018612
v 0.607779 -0.779486 1.896848
v 0.638784 -0.769842 2.018612
v 0.638784 -0.769842 1.896848
v 0.675619 -0.757147 2.018612
v 0.675619 -0.757147 1.896848
v 0.715139 -0.741766 2.018612
v 0.715139 -0.741766 1.896848
v 0.753683 -0.724218 2.018612
v 0.753683 -0.724218 1.896848
v 0.787863 -0.705206 2.018612
v 0.787863 -0.705206 1.896848
v 0.815176 -0.685461 2.018612
v 0.815176 -0.685461 1.896848
v 0.834768 -0.665960 2.018612
v 0.834768 -0.665960 1.896848
v 0.847616 -0.647741 2.018612
v 0.847616 -0.647741 1.896848
v 0.855764 -0.631536 2.018612
v 0.855764 -0.631536 1.896848
v 0.861380 -0.617712 2.018612
v 0.861380 -0.617712 1.896848
v 0.869467 -0.594275 2.018612
v 0.869467 -0.594275 1.896848
v 0.871481 -0.581793 2.018612
v 0.871481 -0.581793 1.896848
v 0.871603 -0.567724 2.018613
v 0.871603 -0.567724 1.896848
v 0.868918 -0.538733 2.018613
v 0.868918 -0.538733 1.896848
v 0.866385 -0.512609 2.018613
v 0.866385 -0.512609 1.896848
v 0.863821 -0.496923 2.018613
v 0.863821 -0.496923 1.896848
v 0.858786 -0.476263 2.018613
v 0.858786 -0.476263 1.896848
v 0.850851 -0.449835 2.018613
v 0.850851 -0.449835 1.896848
v 0.840414 -0.418615 2.018613
v 0.840414 -0.418615 1.896848
v 0.816549 -0.351629 2.018613
v 0.816549 -0.351629 1.896848
v 0.805441 -0.321722 2.018613
v 0.805441 -0.321722 1.896848
v 0.795858 -0.297338 2.018613
v 0.795858 -0.297338 1.896848
v 0.787588 -0.279272 2.018613
v 0.787588 -0.279272 1.896848
v 0.779684 -0.266943 2.018613
v 0.779684 -0.266943 1.896848
v 0.775503 -0.262518 2.018613
v 0.775503 -0.262518 1.896848
v 0.771048 -0.258947 2.018613
v 0.771048 -0.258947 1.896848
v 0.761313 -0.253698 2.018613
v 0.761313 -0.253698 1.896848
v 0.741140 -0.248083 2.018613
v 0.741140 -0.248083 1.896848
v 0.730795 -0.247595 2.018613
v 0.730795 -0.247595 1.896848
v 0.717703 -0.249304 2.018613
v 0.717703 -0.249304 1.896848
v 0.698935 -0.253790 2.018613
v 0.698935 -0.253790 1.896848
v 0.686728 -0.257147 2.018613
v 0.686728 -0.257147 1.896848
v 0.672537 -0.261206 2.018613
v 0.672537 -0.261206 1.896848
v 0.638632 -0.271063 2.018613
v 0.638632 -0.271063 1.896848
v 0.598898 -0.282446 2.018613
v 0.598898 -0.282446 1.896848
v 0.514395 -0.305426 2.018613
v 0.514395 -0.305426 1.896848
v 0.476645 -0.315619 2.018613
v 0.476645 -0.315619 1.896848
v 0.460318 -0.320318 2.018613
v 0.460318 -0.320318 1.896848
v -0.016672 1.516932 2.018613
v 0.018606 1.531458 1.896848
v 0.018606 1.531458 2.018613
v -0.016672 1.516932 1.896848
v -0.032541 1.509180 2.018613
v -0.032541 1.509180 1.896848
v -0.045908 1.501795 2.018613
v -0.045908 1.501795 1.896848
v -0.056101 1.494715 2.018613
v -0.056101 1.494715 1.896848
v -0.063059 1.487696 2.018613
v -0.063059 1.487696 1.896848
v -0.065439 1.483973 2.018613
v -0.065439 1.483973 1.896848
v -0.067270 1.479944 2.018613
v -0.067270 1.479944 1.896848
v -0.069590 1.470850 2.018613
v -0.069590 1.470850 1.896848
v -0.071299 1.448511 2.018613
v -0.071299 1.448511 1.896848
v -0.070932 1.423304 2.018613
v -0.070932 1.423304 1.896848
v -0.069773 1.409266 2.018613
v -0.069773 1.409266 1.896848
v -0.067392 1.392725 2.018613
v -0.067392 1.392725 1.896848
v -0.063547 1.372339 2.018613
v -0.063547 1.372339 1.896848
v -0.057688 1.346521 2.018613
v -0.057688 1.346521 1.896848
v -0.049631 1.314173 2.018613
v -0.049631 1.314173 1.896848
v -0.039133 1.274500 2.018613
v -0.039133 1.274500 1.896848
v -0.026194 1.227076 2.018613
v -0.026194 1.227076 1.896848
v -0.010813 1.172022 2.018613
v -0.010813 1.172022 1.896848
v 0.006888 1.109461 2.018613
v 0.006888 1.109461 1.896848
v 0.026541 1.040064 2.018613
v 0.026541 1.040064 1.896848
v 0.048025 0.964502 2.018613
v 0.048025 0.964502 1.896848
v 0.070913 0.883814 2.018613
v 0.070913 0.883814 1.896848
v 0.094839 0.799036 2.018613
v 0.094839 0.799036 1.896848
v 0.119375 0.711512 2.018613
v 0.119375 0.711512 1.896848
v 0.168783 0.533289 2.018613
v 0.168783 0.533289 1.896848
v 0.192862 0.445276 2.018613
v 0.192862 0.445276 1.896848
v 0.215994 0.359766 2.018613
v 0.215994 0.359766 1.896848
v 0.237875 0.277948 2.018613
v 0.237875 0.277948 1.896848
v 0.258291 0.200922 2.018613
v 0.258291 0.200922 1.896848
v 0.277029 0.129602 2.018613
v 0.277029 0.129602 1.896848
v 0.293966 0.064783 2.018613
v 0.293966 0.064783 1.896848
v 0.309103 0.006922 2.018613
v 0.309103 0.006922 1.896848
v 0.322592 -0.043707 2.018613
v 0.322592 -0.043707 1.896848
v 0.334524 -0.087072 2.018613
v 0.334524 -0.087072 1.896848
v 0.345175 -0.123358 2.018613
v 0.345175 -0.123358 1.896848
v 0.354788 -0.152929 2.018613
v 0.354788 -0.152929 1.896848
v 0.363607 -0.176336 2.018613
v 0.363607 -0.176336 1.896848
v 0.371908 -0.194189 2.018613
v 0.371908 -0.194189 1.896848
v 0.379873 -0.207312 2.018613
v 0.379873 -0.207312 1.896848
v 0.387686 -0.216497 2.018613
v 0.387686 -0.216497 1.896848
v 0.395376 -0.222754 2.018613
v 0.395376 -0.222754 1.896848
v 0.403067 -0.226873 2.018613
v 0.403067 -0.226873 1.896848
v 0.411062 -0.229528 2.018613
v 0.411062 -0.229528 1.896848
v 0.420157 -0.230902 2.018613
v 0.420157 -0.230902 1.896848
v 0.431448 -0.230841 2.018613
v 0.431448 -0.230841 1.896848
v 0.446005 -0.229071 2.018613
v 0.446005 -0.229071 1.896848
v 0.464407 -0.225378 2.018613
v 0.464407 -0.225378 1.896848
v 0.486441 -0.219976 2.018613
v 0.486441 -0.219976 1.896848
v 0.511404 -0.213202 2.018613
v 0.511404 -0.213202 1.896848
v 0.565329 -0.197790 2.018613
v 0.565329 -0.197790 1.896848
v 0.616781 -0.183294 2.018613
v 0.616781 -0.183294 1.896848
v 0.639700 -0.177099 2.018613
v 0.639700 -0.177099 1.896848
v 0.660574 -0.171515 2.018613
v 0.660574 -0.171515 1.896848
v 0.697165 -0.160803 2.018613
v 0.697165 -0.160803 1.896848
v 0.727316 -0.147955 2.018613
v 0.727316 -0.147955 1.896848
v 0.738974 -0.139837 2.018613
v 0.738974 -0.139837 1.896848
v 0.743673 -0.135290 2.018613
v 0.743673 -0.135290 1.896848
v 0.747458 -0.130377 2.018613
v 0.747458 -0.130377 1.896848
v 0.750357 -0.125189 2.018613
v 0.750357 -0.125189 1.896848
v 0.752371 -0.119726 2.018613
v 0.752371 -0.119726 1.896848
v 0.754080 -0.108374 2.018613
v 0.754080 -0.108374 1.896848
v 0.752127 -0.085882 2.018613
v 0.752127 -0.085882 1.896848
v 0.749106 -0.063025 2.018613
v 0.749106 -0.063025 1.896848
v 0.747274 -0.048376 2.018613
v 0.747274 -0.048376 1.896848
v 0.744345 -0.029211 2.018613
v 0.744345 -0.029211 1.896848
v 0.739645 -0.004034 2.018613
v 0.739645 -0.004034 1.896848
v 0.732779 0.027948 2.018613
v 0.732779 0.027948 1.896848
v 0.723532 0.066767 2.018613
v 0.723532 0.066767 1.896848
v 0.711966 0.112024 2.018613
v 0.711966 0.112024 1.896848
v 0.698294 0.162745 2.018613
v 0.698294 0.162745 1.896848
v 0.682882 0.217707 2.018613
v 0.682882 0.217707 1.896848
v 0.648916 0.334070 2.018613
v 0.648916 0.334070 1.896848
v 0.631460 0.392237 2.018613
v 0.631460 0.392237 1.896848
v 0.614431 0.448206 2.018613
v 0.614431 0.448206 1.896848
v 0.598349 0.500635 2.018613
v 0.598349 0.500635 1.896848
v 0.583639 0.548548 2.018613
v 0.583639 0.548548 1.896848
v 0.570547 0.591333 2.018613
v 0.570547 0.591333 1.896848
v 0.559195 0.628748 2.018613
v 0.559195 0.628748 1.896848
v 0.549551 0.661341 2.018613
v 0.549551 0.661341 1.896848
v 0.541403 0.689844 2.018613
v 0.541403 0.689844 1.896848
v 0.528402 0.738916 2.018613
v 0.528402 0.738916 1.896848
v 0.517386 0.785486 2.018613
v 0.517386 0.785486 1.896848
v 0.511679 0.810450 2.018613
v 0.511679 0.810450 1.896848
v 0.505514 0.837427 2.018613
v 0.505514 0.837427 1.896848
v 0.498678 0.866724 2.018613
v 0.498678 0.866724 1.896848
v 0.491018 0.898401 2.018613
v 0.491018 0.898401 1.896848
v 0.482534 0.932337 2.018613
v 0.482534 0.932337 1.896848
v 0.473196 0.968103 2.018613
v 0.473196 0.968103 1.896848
v 0.452292 1.043482 2.018613
v 0.452292 1.043482 1.896848
v 0.406607 1.197229 2.018613
v 0.406607 1.197229 1.896848
v 0.385580 1.270227 2.018613
v 0.385580 1.270227 1.896848
v 0.367605 1.338404 2.018613
v 0.367605 1.338404 1.896848
v 0.352255 1.400171 2.018613
v 0.352255 1.400171 1.896848
v 0.344778 1.428186 2.018613
v 0.344778 1.428186 1.896848
v 0.336630 1.453821 2.018613
v 0.336630 1.453821 1.896848
v 0.327108 1.476831 2.018613
v 0.327108 1.476831 1.896848
v 0.315451 1.496912 2.018613
v 0.315451 1.496912 1.896848
v 0.301016 1.513819 2.018613
v 0.301016 1.513819 1.896848
v 0.283438 1.527430 2.018613
v 0.283438 1.527430 1.896848
v 0.262686 1.537806 2.018613
v 0.262686 1.537806 1.896848
v 0.239187 1.545130 2.018613
v 0.239187 1.545130 1.896848
v 0.213736 1.549768 2.018613
v 0.213736 1.549768 1.896848
v 0.187399 1.552210 2.018613
v 0.187399 1.552210 1.896848
v 0.136221 1.552454 2.018613
v 0.136221 1.552454 1.896848
v 0.113089 1.551111 2.018613
v 0.113089 1.551111 1.896848
v 0.091971 1.548975 2.018613
v 0.091971 1.548975 1.896848
v 0.054312 1.542322 2.018613
v 0.054312 1.542322 1.896848
v -0.380320 1.359339 2.018613
v -0.341379 1.385828 1.896848
v -0.341379 1.385828 2.018613
v -0.380320 1.359339 1.896848
v -0.422068 1.327845 2.018613
v -0.422068 1.327845 1.896848
v -0.466013 1.291956 2.018613
v -0.466013 1.291956 1.896848
v -0.511301 1.251917 2.018613
v -0.511301 1.251917 1.896848
v -0.556955 1.207056 2.018613
v -0.556955 1.207056 1.896848
v -0.601938 1.156458 2.018613
v -0.601938 1.156458 1.896848
v -0.645334 1.100061 2.018613
v -0.645334 1.100061 1.896848
v -0.685678 1.039637 2.018613
v -0.685678 1.039637 1.896848
v -0.721506 0.979517 2.018613
v -0.721506 0.979517 1.896848
v -0.737131 0.951197 2.018613
v -0.737131 0.951197 1.896848
v -0.751169 0.924891 2.018613
v -0.751169 0.924891 1.896848
v -0.763559 0.900782 2.018613
v -0.763559 0.900782 1.896848
v -0.774301 0.878992 2.018613
v -0.774301 0.878992 1.896848
v -0.791819 0.840418 2.018613
v -0.791819 0.840418 1.896848
v -0.806589 0.801661 2.018613
v -0.806589 0.801661 1.896848
v -0.813974 0.779200 2.018613
v -0.813974 0.779200 1.896848
v -0.821726 0.753077 2.018613
v -0.821726 0.753077 1.896848
v -0.830027 0.722742 2.018613
v -0.830027 0.722742 1.896848
v -0.838816 0.687952 2.018613
v -0.838816 0.687952 1.896848
v -0.847849 0.648706 2.018613
v -0.847849 0.648706 1.896848
v -0.856760 0.605555 2.018613
v -0.856760 0.605555 1.896848
v -0.865183 0.559107 2.018613
v -0.865183 0.559107 1.896848
v -0.872690 0.510218 2.018613
v -0.872690 0.510218 1.896848
v -0.883371 0.409266 2.018613
v -0.883371 0.409266 1.896848
v -0.885935 0.359247 2.018613
v -0.885935 0.359247 1.896848
v -0.886362 0.310816 2.018613
v -0.886362 0.310816 1.896848
v -0.884775 0.264856 2.018613
v -0.884775 0.264856 1.896848
v -0.881235 0.221979 2.018613
v -0.881235 0.221979 1.896848
v -0.876230 0.182642 2.018613
v -0.876230 0.182642 1.896848
v -0.870066 0.147089 2.018613
v -0.870066 0.147089 1.896848
v -0.863291 0.115351 2.018613
v -0.863291 0.115351 1.896848
v -0.856333 0.087275 2.018613
v -0.856333 0.087275 1.896848
v -0.849497 0.062403 2.018613
v -0.849497 0.062403 1.896848
v -0.842844 0.040125 2.018613
v -0.842844 0.040125 1.896848
v -0.829904 -0.000372 2.018613
v -0.829904 -0.000372 1.896848
v -0.822641 -0.020910 2.018613
v -0.822641 -0.020910 1.896848
v -0.814096 -0.043249 2.018613
v -0.814096 -0.043249 1.896848
v -0.803598 -0.068396 2.018613
v -0.803598 -0.068396 1.896848
v -0.790659 -0.097021 2.018613
v -0.790659 -0.097021 1.896848
v -0.774851 -0.129431 2.018613
v -0.774851 -0.129431 1.896848
v -0.756235 -0.165258 2.018613
v -0.756235 -0.165258 1.896848
v -0.734995 -0.203619 2.018613
v -0.734995 -0.203619 1.896848
v -0.711679 -0.243322 2.018613
v -0.711679 -0.243322 1.896848
v -0.661386 -0.320593 2.018613
v -0.661386 -0.320593 1.896848
v -0.635996 -0.355078 2.018613
v -0.635996 -0.355078 1.896848
v -0.611460 -0.385015 2.018613
v -0.611460 -0.385015 1.896848
v -0.588571 -0.409521 2.018613
v -0.588571 -0.409521 1.896848
v -0.567820 -0.428198 2.018613
v -0.567820 -0.428198 1.896848
v -0.549570 -0.441381 2.018613
v -0.549570 -0.441381 1.896848
v -0.533823 -0.450079 2.018613
v -0.533823 -0.450079 1.896848
v -0.520334 -0.455694 2.018613
v -0.520334 -0.455694 1.896848
v -0.508371 -0.459570 2.018613
v -0.508371 -0.459570 1.896848
v -0.483713 -0.465246 2.018613
v -0.483713 -0.465246 1.896848
v -0.467234 -0.466833 2.018613
v -0.467234 -0.466833 1.896848
v -0.445261 -0.466589 2.018613
v -0.445261 -0.466589 1.896848
v -0.431650 -0.465490 2.018613
v -0.431650 -0.465490 1.896848
v -0.416147 -0.463598 2.018613
v -0.416147 -0.463598 1.896848
v -0.398508 -0.460852 2.018613
v -0.398508 -0.460852 1.896848
v -0.378855 -0.457220 2.018613
v -0.378855 -0.457220 1.896848
v -0.357126 -0.452642 2.018613
v -0.357126 -0.452642 1.896848
v -0.333383 -0.447180 2.018613
v -0.333383 -0.447180 1.896848
v -0.280466 -0.433691 2.018613
v -0.280466 -0.433691 1.896848
v -0.221628 -0.417334 2.018613
v -0.221628 -0.417334 1.896848
v -0.158823 -0.398870 2.018613
v -0.158823 -0.398870 1.896848
v -0.030771 -0.359655 2.018613
v -0.030771 -0.359655 1.896848
v 0.029654 -0.340979 2.018613
v 0.029654 -0.340979 1.896848
v 0.084524 -0.324102 2.018613
v 0.084524 -0.324102 1.896848
v 0.109366 -0.316595 2.018613
v 0.109366 -0.316595 1.896848
v 0.132132 -0.309759 2.018613
v 0.132132 -0.309759 1.896848
v 0.152823 -0.303656 2.018613
v 0.152823 -0.303656 1.896848
v 0.171164 -0.298285 2.018613
v 0.171164 -0.298285 1.896848
v 0.187277 -0.293646 2.018613
v 0.187277 -0.293646 1.896848
v 0.201071 -0.289679 2.018613
v 0.201071 -0.289679 1.896848
v 0.212668 -0.286261 2.018613
v 0.212668 -0.286261 1.896848
v 0.222220 -0.283361 2.018613
v 0.222220 -0.283361 1.896848
v 0.236044 -0.278265 2.018613
v 0.236044 -0.278265 1.896848
v 0.240866 -0.275763 2.018613
v 0.240866 -0.275763 1.896848
v 0.244680 -0.273046 2.018613
v 0.244680 -0.273046 1.896848
v 0.247824 -0.269995 2.018613
v 0.247824 -0.269995 1.896848
v 0.250479 -0.266485 2.018613
v 0.250479 -0.266485 1.896848
v 0.255056 -0.258093 2.018613
v 0.255056 -0.258093 1.896848
v 0.263052 -0.237371 2.018613
v 0.263052 -0.237371 1.896848
v 0.265982 -0.225714 2.018613
v 0.265982 -0.225714 1.896848
v 0.267477 -0.212225 2.018613
v 0.267477 -0.212225 1.896848
v 0.266897 -0.195227 2.018613
v 0.266897 -0.195227 1.896848
v 0.263632 -0.172613 2.018613
v 0.263632 -0.172613 1.896848
v 0.260855 -0.158606 2.018613
v 0.260855 -0.158606 1.896848
v 0.257254 -0.142492 2.018613
v 0.257254 -0.142492 1.896848
v 0.252768 -0.124151 2.018613
v 0.252768 -0.124151 1.896848
v 0.247427 -0.103460 2.018613
v 0.247427 -0.103460 1.896848
v 0.241232 -0.080297 2.018613
v 0.241232 -0.080297 1.896848
v 0.234121 -0.054663 2.018613
v 0.234121 -0.054663 1.896848
v 0.226187 -0.026495 2.018613
v 0.226187 -0.026495 1.896848
v 0.217398 0.004145 2.018613
v 0.217398 0.004145 1.896848
v 0.207815 0.037226 2.018613
v 0.207815 0.037226 1.896848
v 0.197470 0.072718 2.018613
v 0.197470 0.072718 1.896848
v 0.186422 0.110468 2.018613
v 0.186422 0.110468 1.896848
v 0.174734 0.150354 2.018613
v 0.174734 0.150354 1.896848
v 0.149588 0.236078 2.018613
v 0.149588 0.236078 1.896848
v 0.122610 0.328547 2.018613
v 0.122610 0.328547 1.896848
v 0.094351 0.426111 2.018613
v 0.094351 0.426111 1.896848
v 0.065481 0.527124 2.018613
v 0.065481 0.527124 1.896848
v 0.008291 0.731775 2.018613
v 0.008291 0.731775 1.896848
v -0.018869 0.831629 2.018613
v -0.018869 0.831629 1.896848
v -0.044382 0.927332 2.018613
v -0.044382 0.927332 1.896848
v -0.067758 1.017237 2.018613
v -0.067758 1.017237 1.896848
v -0.078562 1.059534 2.018613
v -0.078562 1.059534 1.896848
v -0.088755 1.099817 2.018613
v -0.088755 1.099817 1.896848
v -0.098337 1.137964 2.018613
v -0.098337 1.137964 1.896848
v -0.107248 1.173792 2.018613
v -0.107248 1.173792 1.896848
v -0.115488 1.207300 2.018613
v -0.115488 1.207300 1.896848
v -0.123056 1.238367 2.018613
v -0.123056 1.238367 1.896848
v -0.130075 1.266870 2.018613
v -0.130075 1.266870 1.896848
v -0.136484 1.292871 2.018613
v -0.136484 1.292871 1.896848
v -0.142404 1.316370 2.018613
v -0.142404 1.316370 1.896848
v -0.147837 1.337366 2.018613
v -0.147837 1.337366 1.896848
v -0.152964 1.355982 2.018613
v -0.152964 1.355982 1.896848
v -0.157724 1.372217 2.018613
v -0.157724 1.372217 1.896848
v -0.162363 1.386316 2.018613
v -0.162363 1.386316 1.896848
v -0.166819 1.398279 2.018613
v -0.166819 1.398279 1.896848
v -0.175913 1.416529 2.018613
v -0.175913 1.416529 1.896848
v -0.180612 1.423182 2.018613
v -0.180612 1.423182 1.896848
v -0.185617 1.428308 2.018613
v -0.185617 1.428308 1.896848
v -0.190927 1.432154 2.018613
v -0.190927 1.432154 1.896848
v -0.196543 1.434839 2.018613
v -0.196543 1.434839 1.896848
v -0.202585 1.436548 2.018613
v -0.202585 1.436548 1.896848
v -0.208994 1.437403 2.018613
v -0.208994 1.437403 1.896848
v -0.222971 1.436792 2.018613
v -0.222971 1.436792 1.896848
v -0.238108 1.433924 2.018613
v -0.238108 1.433924 1.896848
v -0.270761 1.423059 2.018613
v -0.270761 1.423059 1.896848
v -0.305124 1.406946 2.018613
v -0.305124 1.406946 1.896848
v 1.793646 2.109400 1.896848
v -1.987680 -0.755528 -0.995455
v -1.987680 1.314723 0.407102
v -1.987680 -0.755529 1.318357
v 1.793646 1.314722 1.318357
v 1.915426 1.314722 1.318357
v 1.793646 1.314723 0.407102
v 1.915426 1.314723 0.407102
v 1.793646 -0.755528 -0.995455
v 1.915426 -0.755528 -0.995455
v 1.793646 2.109401 -1.884463
v 1.793646 1.314723 -0.080020
v 1.793646 -0.755528 -0.509585
v 1.793646 1.314723 0.831235
v -1.071299 2.109400 -0.995455
v -1.071299 2.231165 -0.995455
v 0.999014 2.109400 0.407102
v 0.999014 2.231165 0.407102
v -1.071299 2.109400 0.407102
v 0.999014 2.109400 -0.995455
v -1.071299 2.109400 1.318357
v -1.071299 -1.671941 -0.995456
v 0.999014 -1.671942 0.407102
v 0.999014 -1.671942 1.318357
v 1.915426 -0.755528 -0.509585
v 1.915426 1.314723 -0.080020
v 1.915426 1.314723 0.831235
v -1.071299 2.231165 1.318357
v -1.071299 2.231165 0.407102
v 0.999014 2.231165 -0.995455
v -1.987680 2.231165 2.018613
v 1.915426 2.231165 2.018613
v 1.915426 2.231166 -1.884463
v -1.987680 2.231166 -1.884463
v 1.915426 -1.671941 -1.884463
v 1.915426 -1.671942 2.018612
v 0.999014 -1.671942 0.831235
v 0.999014 -1.671942 -0.080021
v -1.071299 -1.671942 -0.509585
v -1.987680 -1.671942 2.018612
v -1.987680 -1.671941 -1.884463
v -1.987680 1.314723 -0.995455
v -1.987680 -0.755528 0.407102
v -1.987680 -0.755529 0.831235
v 1.787558 2.103296 -1.208590
v -1.859812 2.103296 -1.208590
v -1.859812 -1.544072 -1.208591
v 1.787558 -1.544072 -1.208591
v 1.684042 1.999782 -1.208590
v 1.684042 -1.440556 -1.208591
v -1.756296 -1.440556 -1.208591
v -1.756296 1.999782 -1.208590
v 1.684042 1.999782 -1.817507
v 1.684042 -1.440556 -1.817508
v -1.545175 -0.900762 -1.939273
v -1.528696 -0.922185 -1.939273
v -1.507273 -0.938634 -1.939273
v -1.482309 -0.948979 -1.939273
v -1.455515 -0.952519 -1.939273
v -1.428720 -0.948979 -1.939273
v -1.403757 -0.938634 -1.939273
v -1.382334 -0.922185 -1.939273
v -1.365854 -0.900762 -1.939273
v -1.355539 -0.875798 -1.939273
v -1.351999 -0.849004 -1.939273
v -1.355539 -0.822209 -1.939273
v -1.365854 -0.797246 -1.939273
v -1.382334 -0.775792 -1.939273
v -1.403757 -0.759343 -1.939273
v -1.428720 -0.749028 -1.939273
v -1.455515 -0.745488 -1.939273
v -1.482309 -0.749028 -1.939273
v -1.507273 -0.759343 -1.939273
v -1.528696 -0.775792 -1.939273
v -1.545175 -0.797246 -1.939273
v -1.555490 -0.822209 -1.939273
v -1.559030 -0.849004 -1.939273
v -1.555490 -0.875798 -1.939273
v -1.543528 1.513515 -1.939273
v -1.553842 1.488551 -1.939273
v -1.557382 1.461757 -1.939273
v -1.553842 1.434962 -1.939273
v -1.543528 1.409999 -1.939273
v -1.527048 1.388576 -1.939273
v -1.505625 1.372096 -1.939273
v -1.480661 1.361781 -1.939273
v -1.453867 1.358241 -1.939273
v -1.427072 1.361781 -1.939273
v -1.402109 1.372096 -1.939273
v -1.380686 1.388576 -1.939273
v -1.364206 1.409999 -1.939273
v -1.353891 1.434962 -1.939273
v -1.350351 1.461757 -1.939273
v -1.353891 1.488551 -1.939273
v -1.364206 1.513515 -1.939273
v -1.380686 1.534938 -1.939273
v -1.402109 1.551417 -1.939273
v -1.427072 1.561732 -1.939273
v -1.453867 1.565272 -1.939273
v -1.480661 1.561732 -1.939273
v -1.505625 1.551417 -1.939273
v -1.527048 1.534938 -1.939273
v 1.442709 1.535365 -1.939273
v 1.421255 1.551784 -1.939273
v 1.396292 1.562160 -1.939273
v 1.369497 1.565639 -1.939273
v 1.342703 1.562160 -1.939273
v 1.317740 1.551784 -1.939273
v 1.296316 1.535365 -1.939273
v 1.279867 1.513881 -1.939273
v 1.269522 1.488917 -1.939273
v 1.265982 1.462123 -1.939273
v 1.269522 1.435390 -1.939273
v 1.279867 1.410365 -1.939273
v 1.296316 1.388942 -1.939273
v 1.317740 1.372523 -1.939273
v 1.342703 1.362147 -1.939273
v 1.369497 1.358668 -1.939273
v 1.396292 1.362147 -1.939273
v 1.421255 1.372523 -1.939273
v 1.442709 1.388942 -1.939273
v 1.459158 1.410365 -1.939273
v 1.469503 1.435390 -1.939273
v 1.473013 1.462123 -1.939273
v 1.469503 1.488917 -1.939273
v 1.459158 1.513881 -1.939273
v 1.444021 -0.920110 -1.939273
v 1.460470 -0.898656 -1.939273
v 1.470816 -0.873692 -1.939273
v 1.474356 -0.846898 -1.939273
v 1.470816 -0.820134 -1.939273
v 1.460470 -0.795140 -1.939273
v 1.444021 -0.773717 -1.939273
v 1.422598 -0.757268 -1.939273
v 1.397635 -0.746922 -1.939273
v 1.370840 -0.743413 -1.939273
v 1.344046 -0.746922 -1.939273
v 1.319082 -0.757268 -1.939273
v 1.297628 -0.773717 -1.939273
v 1.281180 -0.795140 -1.939273
v 1.270865 -0.820134 -1.939273
v 1.267325 -0.846898 -1.939273
v 1.270865 -0.873692 -1.939273
v 1.281180 -0.898656 -1.939273
v 1.297628 -0.920110 -1.939273
v 1.319082 -0.936559 -1.939273
v 1.344046 -0.946904 -1.939273
v 1.370840 -0.950414 -1.939273
v 1.397635 -0.946904 -1.939273
v 1.422598 -0.936559 -1.939273
v -2.182505 -1.866795 -1.939274
v -2.182505 2.425990 -1.939273
v 2.110281 2.425990 -1.939273
v 2.110281 -1.866795 -1.939274
v -2.182505 -1.866795 -1.817508
v -2.182505 2.425990 -1.817507
v -1.756296 1.999782 -1.817507
v -1.756296 -1.440556 -1.817508
v -1.543528 1.513515 -1.817507
v -1.527048 1.534938 -1.817507
v -1.505625 1.551417 -1.817507
v -1.480661 1.561732 -1.817507
v -1.453867 1.565272 -1.817507
v -1.427072 1.561732 -1.817507
v -1.402109 1.551417 -1.817507
v -1.380686 1.534938 -1.817507
v -1.364206 1.513515 -1.817507
v -1.353891 1.488551 -1.817507
v -1.350351 1.461757 -1.817507
v -1.353891 1.434962 -1.817507
v -1.364206 1.409999 -1.817507
v -1.380686 1.388576 -1.817507
v -1.402109 1.372096 -1.817507
v -1.427072 1.361781 -1.817507
v -1.453867 1.358241 -1.817507
v -1.480661 1.361781 -1.817507
v -1.505625 1.372096 -1.817507
v -1.527048 1.388576 -1.817507
v -1.543528 1.409999 -1.817507
v -1.553842 1.434962 -1.817507
v -1.557382 1.461757 -1.817507
v -1.553842 1.488551 -1.817507
v -1.545175 -0.900762 -1.817507
v -1.555490 -0.875798 -1.817507
v -1.559030 -0.849004 -1.817507
v -1.555490 -0.822209 -1.817507
v -1.545175 -0.797246 -1.817507
v -1.528696 -0.775792 -1.817507
v -1.507273 -0.759343 -1.817507
v -1.482309 -0.749028 -1.817507
v -1.455515 -0.745488 -1.817507
v -1.428720 -0.749028 -1.817507
v -1.403757 -0.759343 -1.817507
v -1.382334 -0.775792 -1.817507
v -1.365854 -0.797246 -1.817507
v -1.355539 -0.822209 -1.817507
v -1.351999 -0.849004 -1.817507
v -1.355539 -0.875798 -1.817507
v -1.365854 -0.900762 -1.817507
v -1.382334 -0.922185 -1.817507
v -1.403757 -0.938634 -1.817507
v -1.428720 -0.948979 -1.817508
v -1.455515 -0.952519 -1.817508
v -1.482309 -0.948979 -1.817508
v -1.507273 -0.938634 -1.817507
v -1.528696 -0.922185 -1.817507
v 1.470816 -0.873692 -1.817507
v 1.460470 -0.898656 -1.817507
v 1.444021 -0.920110 -1.817507
v 1.422598 -0.936559 -1.817507
v 1.397635 -0.946904 -1.817508
v 1.370840 -0.950414 -1.817508
v 1.344046 -0.946904 -1.817508
v 1.319082 -0.936559 -1.817507
v 1.297628 -0.920110 -1.817507
v 1.281180 -0.898656 -1.817507
v 1.270865 -0.873692 -1.817507
v 1.267325 -0.846898 -1.817507
v 1.270865 -0.820134 -1.817507
v 1.281180 -0.795140 -1.817507
v 1.297628 -0.773717 -1.817507
v 1.319082 -0.757268 -1.817507
v 1.344046 -0.746922 -1.817507
v 1.370840 -0.743413 -1.817507
v 1.397635 -0.746922 -1.817507
v 1.422598 -0.757268 -1.817507
v 1.444021 -0.773717 -1.817507
v 1.460470 -0.795140 -1.817507
v 1.470816 -0.820134 -1.817507
v 1.474356 -0.846898 -1.817507
v 1.442709 1.535365 -1.817507
v 1.459158 1.513881 -1.817507
v 1.469503 1.488917 -1.817507
v 1.473013 1.462123 -1.817507
v 1.469503 1.435390 -1.817507
v 1.459158 1.410365 -1.817507
v 1.442709 1.388942 -1.817507
v 1.421255 1.372523 -1.817507
v 1.396292 1.362147 -1.817507
v 1.369497 1.358668 -1.817507
v 1.342703 1.362147 -1.817507
v 1.317740 1.372523 -1.817507
v 1.296316 1.388942 -1.817507
v 1.279867 1.410365 -1.817507
v 1.269522 1.435390 -1.817507
v 1.265982 1.462123 -1.817507
v 1.269522 1.488917 -1.817507
v 1.279867 1.513881 -1.817507
v 1.296316 1.535365 -1.817507
v 1.317740 1.551784 -1.817507
v 1.342703 1.562160 -1.817507
v 1.369497 1.565639 -1.817507
v 1.396292 1.562160 -1.817507
v 1.421255 1.551784 -1.817507
v 2.110281 2.425990 -1.817507
v 2.110281 -1.866795 -1.817508
v 1.787558 -1.544072 -1.817508
v 1.787558 2.103297 -1.817507
v -1.859812 -1.544072 -1.817508
v -1.859812 2.103297 -1.817507
vn 1.0000 -0.0000 -0.0000
vn -0.0000 1.0000 -0.0000
vn -0.0041 -0.0000 -1.0000
vn -0.0000 -0.0000 1.0000
vn -1.0000 -0.0000 -0.0000
vn -0.0000 -1.0000 -0.0000
vn -0.0000 -0.0041 -1.0000
vn 0.2527 -0.9675 -0.0000
vn 0.2526 -0.9676 -0.0000
vn 0.2835 -0.9590 -0.0000
vn 0.3380 -0.9411 -0.0000
vn 0.4291 -0.9033 -0.0000
vn 0.5690 -0.8224 -0.0000
vn 0.7019 -0.7122 -0.0000
vn 0.7921 -0.6104 -0.0000
vn 0.8721 -0.4893 -0.0000
vn 0.8721 -0.4892 -0.0000
vn 0.9337 -0.3580 -0.0000
vn 0.9858 -0.1676 -0.0000
vn 0.9990 0.0449 -0.0000
vn 0.9990 0.0448 -0.0000
vn 0.9789 0.2044 -0.0000
vn 0.9256 0.3786 -0.0000
vn 0.8352 0.5499 -0.0000
vn 0.7291 0.6844 -0.0000
vn 0.5944 0.8041 -0.0000
vn 0.4524 0.8918 -0.0000
vn 0.3915 0.9202 -0.0000
vn 0.3913 0.9203 -0.0000
vn 0.4015 0.9159 -0.0000
vn 0.4016 0.9158 -0.0000
vn 0.4189 0.9081 -0.0000
vn 0.4192 0.9079 -0.0000
vn 0.4289 0.9033 -0.0000
vn 0.4363 0.8998 -0.0000
vn 0.4412 0.8974 -0.0000
vn 0.4413 0.8974 -0.0000
vn 0.4442 0.8959 -0.0000
vn 0.4444 0.8959 -0.0000
vn 0.4415 0.8972 -0.0000
vn 0.4314 0.9021 -0.0000
vn 0.4140 0.9103 -0.0000
vn 0.3888 0.9213 -0.0000
vn 0.3885 0.9215 -0.0000
vn 0.3549 0.9349 -0.0000
vn 0.3544 0.9351 -0.0000
vn 0.3110 0.9504 -0.0000
vn 0.3105 0.9506 -0.0000
vn 0.2566 0.9665 -0.0000
vn 0.2563 0.9666 -0.0000
vn 0.1934 0.9811 -0.0000
vn 0.1233 0.9924 -0.0000
vn 0.0506 0.9987 -0.0000
vn -0.0201 0.9998 -0.0000
vn -0.0841 0.9965 -0.0000
vn -0.1373 0.9905 -0.0000
vn -0.1800 0.9837 -0.0000
vn -0.2215 0.9752 -0.0000
vn -0.2875 0.9578 -0.0000
vn -0.2876 0.9578 -0.0000
vn -0.4401 0.8979 -0.0000
vn -0.4398 0.8981 -0.0000
vn -0.6560 0.7547 -0.0000
vn -0.6560 0.7548 -0.0000
vn -0.7853 0.6191 -0.0000
vn -0.8627 0.5057 -0.0000
vn -0.8627 0.5058 -0.0000
vn -0.9464 0.3229 -0.0000
vn -0.9940 0.1090 -0.0000
vn -0.9940 0.1091 -0.0000
vn -0.9991 -0.0416 -0.0000
vn -0.9905 -0.1377 -0.0000
vn -0.9803 -0.1975 -0.0000
vn -0.9721 -0.2347 -0.0000
vn -0.9638 -0.2665 -0.0000
vn -0.9581 -0.2864 -0.0000
vn -0.9552 -0.2958 -0.0000
vn -0.9549 -0.2970 -0.0000
vn -0.9547 -0.2977 -0.0000
vn -0.9535 -0.3014 -0.0000
vn -0.9536 -0.3010 -0.0000
vn -0.9496 -0.3135 -0.0000
vn -0.9392 -0.3433 -0.0000
vn -0.9165 -0.3999 -0.0000
vn -0.9167 -0.3997 -0.0000
vn -0.8732 -0.4874 -0.0000
vn -0.8030 -0.5960 -0.0000
vn -0.6943 -0.7197 -0.0000
vn -0.5547 -0.8321 -0.0000
vn -0.5547 -0.8320 -0.0000
vn -0.4038 -0.9149 -0.0000
vn -0.4037 -0.9149 -0.0000
vn -0.2025 -0.9793 -0.0000
vn -0.2023 -0.9793 -0.0000
vn 0.0064 -1.0000 -0.0000
vn 0.2201 -0.9755 -0.0000
vn 0.2202 -0.9755 -0.0000
vn 0.3109 -0.9505 -0.0000
vn 0.3108 -0.9505 -0.0000
vn 0.3306 -0.9438 -0.0000
vn 0.3350 -0.9422 -0.0000
vn 0.3317 -0.9434 -0.0000
vn 0.3316 -0.9434 -0.0000
vn 0.3245 -0.9459 -0.0000
vn 0.3164 -0.9486 -0.0000
vn 0.3162 -0.9487 -0.0000
vn 0.3072 -0.9516 -0.0000
vn 0.2989 -0.9543 -0.0000
vn 0.2867 -0.9580 -0.0000
vn 0.2720 -0.9623 -0.0000
vn 0.2531 -0.9674 -0.0000
vn 0.2370 -0.9715 -0.0000
vn 0.2374 -0.9714 -0.0000
vn 0.2308 -0.9730 -0.0000
vn 0.2309 -0.9730 -0.0000
vn 0.2275 -0.9738 -0.0000
vn 0.2256 -0.9742 -0.0000
vn 0.2255 -0.9742 -0.0000
vn 0.2254 -0.9743 -0.0000
vn 0.2282 -0.9736 -0.0000
vn 0.2364 -0.9717 -0.0000
vn 0.3661 -0.9306 -0.0000
vn 0.4677 -0.8839 -0.0000
vn 0.6259 -0.7799 -0.0000
vn 0.7691 -0.6392 -0.0000
vn 0.8584 -0.5130 -0.0000
vn 0.8584 -0.5129 -0.0000
vn 0.9282 -0.3721 -0.0000
vn 0.9282 -0.3720 -0.0000
vn 0.9727 -0.2321 -0.0000
vn 0.9986 -0.0528 -0.0000
vn 0.9986 -0.0527 -0.0000
vn 0.9938 0.1110 -0.0000
vn 0.9787 0.2051 -0.0000
vn 0.9788 0.2050 -0.0000
vn 0.9666 0.2565 -0.0000
vn 0.9665 0.2568 -0.0000
vn 0.9592 0.2829 -0.0000
vn 0.9592 0.2828 -0.0000
vn 0.9547 0.2976 -0.0000
vn 0.9549 0.2970 -0.0000
vn 0.9582 0.2861 -0.0000
vn 0.9581 0.2864 -0.0000
vn 0.9625 0.2713 -0.0000
vn 0.9625 0.2711 -0.0000
vn 0.9669 0.2550 -0.0000
vn 0.9670 0.2550 -0.0000
vn 0.9700 0.2433 -0.0000
vn 0.9699 0.2436 -0.0000
vn 0.9713 0.2379 -0.0000
vn 0.9720 0.2351 -0.0000
vn 0.9720 0.2350 -0.0000
vn 0.9712 0.2384 -0.0000
vn 0.9712 0.2385 -0.0000
vn 0.9634 0.2682 -0.0000
vn 0.9633 0.2682 -0.0000
vn 0.9217 0.3879 -0.0000
vn 0.8199 0.5725 -0.0000
vn 0.7301 0.6834 -0.0000
vn 0.6741 0.7386 -0.0000
vn 0.5671 0.8236 -0.0000
vn 0.4336 0.9011 -0.0000
vn 0.2353 0.9719 -0.0000
vn 0.0334 0.9994 -0.0000
vn -0.1587 0.9873 -0.0000
vn -0.1588 0.9873 -0.0000
vn -0.2427 0.9701 -0.0000
vn -0.2428 0.9701 -0.0000
vn -0.2703 0.9628 -0.0000
vn -0.2702 0.9628 -0.0000
vn -0.2970 0.9549 -0.0000
vn -0.3265 0.9452 -0.0000
vn -0.3263 0.9453 -0.0000
vn -0.3627 0.9319 -0.0000
vn -0.4137 0.9104 -0.0000
vn -0.4138 0.9104 -0.0000
vn -0.4865 0.8737 -0.0000
vn -0.4861 0.8739 -0.0000
vn -0.5859 0.8104 -0.0000
vn -0.7051 0.7091 -0.0000
vn -0.8175 0.5759 -0.0000
vn -0.8172 0.5763 -0.0000
vn -0.8932 0.4496 -0.0000
vn -0.8934 0.4492 -0.0000
vn -0.9263 0.3767 -0.0000
vn -0.9265 0.3764 -0.0000
vn -0.9453 0.3262 -0.0000
vn -0.9455 0.3257 -0.0000
vn -0.9874 0.1584 -0.0000
vn -0.9874 0.1585 -0.0000
vn -1.0000 0.0087 -0.0000
vn -0.9957 -0.0922 -0.0000
vn -0.9954 -0.0960 -0.0000
vn -0.9867 -0.1628 -0.0000
vn -0.9716 -0.2368 -0.0000
vn -0.9578 -0.2876 -0.0000
vn -0.9486 -0.3163 -0.0000
vn -0.9418 -0.3361 -0.0000
vn -0.9419 -0.3359 -0.0000
vn -0.9375 -0.3479 -0.0000
vn -0.9374 -0.3482 -0.0000
vn -0.9310 -0.3651 -0.0000
vn -0.9093 -0.4162 -0.0000
vn -0.8411 -0.5410 -0.0000
vn -0.8411 -0.5409 -0.0000
vn -0.7285 -0.6851 -0.0000
vn -0.6258 -0.7800 -0.0000
vn -0.4743 -0.8804 -0.0000
vn -0.4746 -0.8802 -0.0000
vn -0.2674 -0.9636 -0.0000
vn -0.2673 -0.9636 -0.0000
vn -0.0484 -0.9988 -0.0000
vn 0.1290 -0.9916 -0.0000
vn 0.2325 -0.9726 -0.0000
vn 0.2658 -0.9640 -0.0000
vn 0.2750 -0.9614 -0.0000
vn 0.2792 -0.9602 -0.0000
vn 0.2754 -0.9613 -0.0000
vn 0.2624 -0.9650 -0.0000
vn 0.2629 -0.9648 -0.0000
vn 0.2601 -0.9656 -0.0000
vn 0.2775 -0.9607 -0.0000
vn 0.3080 -0.9514 -0.0000
vn 0.3081 -0.9514 -0.0000
vn 0.3816 -0.9243 -0.0000
vn 0.3815 -0.9244 -0.0000
vn 0.4366 -0.8996 -0.0000
vn 0.4367 -0.8996 -0.0000
vn 0.4852 -0.8744 -0.0000
vn 0.4851 -0.8744 -0.0000
vn 0.5685 -0.8227 -0.0000
vn 0.7121 -0.7020 -0.0000
vn 0.8420 -0.5395 -0.0000
vn 0.8419 -0.5396 -0.0000
vn 0.9113 -0.4118 -0.0000
vn 0.9691 -0.2465 -0.0000
vn 0.9971 -0.0766 -0.0000
vn 0.9999 0.0146 -0.0000
vn 0.9964 0.0843 -0.0000
vn 0.9903 0.1392 -0.0000
vn 0.9825 0.1864 -0.0000
vn 0.9825 0.1865 -0.0000
vn 0.9754 0.2203 -0.0000
vn 0.9754 0.2204 -0.0000
vn 0.9702 0.2422 -0.0000
vn 0.9667 0.2558 -0.0000
vn 0.9645 0.2641 -0.0000
vn 0.9631 0.2691 -0.0000
vn 0.9624 0.2718 -0.0000
vn 0.9624 0.2717 -0.0000
vn 0.9621 0.2728 -0.0000
vn 0.9620 0.2729 -0.0000
vn 0.9619 0.2735 -0.0000
vn 0.9624 0.2716 -0.0000
vn 0.9629 0.2699 -0.0000
vn 0.9637 0.2672 -0.0000
vn 0.9637 0.2671 -0.0000
vn 0.9646 0.2639 -0.0000
vn 0.9646 0.2636 -0.0000
vn 0.9653 0.2611 -0.0000
vn 0.9660 0.2584 -0.0000
vn 0.9660 0.2587 -0.0000
vn 0.9666 0.2562 -0.0000
vn 0.9672 0.2541 -0.0000
vn 0.9675 0.2528 -0.0000
vn 0.9674 0.2534 -0.0000
vn 0.9664 0.2570 -0.0000
vn 0.9642 0.2653 -0.0000
vn 0.9595 0.2816 -0.0000
vn 0.9510 0.3092 -0.0000
vn 0.9356 0.3531 -0.0000
vn 0.9356 0.3530 -0.0000
vn 0.9070 0.4212 -0.0000
vn 0.8544 0.5196 -0.0000
vn 0.7633 0.6461 -0.0000
vn 0.6294 0.7771 -0.0000
vn 0.4729 0.8811 -0.0000
vn 0.4730 0.8811 -0.0000
vn 0.3139 0.9494 -0.0000
vn 0.3139 0.9495 -0.0000
vn 0.1501 0.9887 -0.0000
vn 0.1502 0.9887 -0.0000
vn -0.0043 1.0000 -0.0000
vn -0.1217 0.9926 -0.0000
vn -0.1218 0.9926 -0.0000
vn -0.1958 0.9806 -0.0000
vn -0.1959 0.9806 -0.0000
vn -0.2386 0.9711 -0.0000
vn -0.2387 0.9711 -0.0000
vn -0.2619 0.9651 -0.0000
vn -0.2748 0.9615 -0.0000
vn -0.2712 0.9625 -0.0000
vn -0.2609 0.9654 -0.0000
vn -0.2590 0.9659 -0.0000
vn -0.2810 0.9597 -0.0000
vn -0.3920 0.9200 -0.0000
vn -0.3917 0.9201 -0.0000
vn -0.5707 0.8211 -0.0000
vn -0.6985 0.7156 -0.0000
vn -0.7897 0.6135 -0.0000
vn -0.8732 0.4874 -0.0000
vn -0.9378 0.3471 -0.0000
vn -0.9890 0.1481 -0.0000
vn -0.9963 -0.0865 -0.0000
vn -0.9914 -0.1310 -0.0000
vn -0.9921 -0.1252 -0.0000
vn -0.9886 -0.1507 -0.0000
vn -0.9886 -0.1505 -0.0000
vn -0.9832 -0.1826 -0.0000
vn -0.9832 -0.1827 -0.0000
vn -0.9777 -0.2102 -0.0000
vn -0.9728 -0.2317 -0.0000
vn -0.9688 -0.2479 -0.0000
vn -0.9655 -0.2603 -0.0000
vn -0.9629 -0.2700 -0.0000
vn -0.9630 -0.2697 -0.0000
vn -0.9599 -0.2802 -0.0000
vn -0.9578 -0.2874 -0.0000
vn -0.9567 -0.2911 -0.0000
vn -0.9561 -0.2929 -0.0000
vn -0.9560 -0.2933 -0.0000
vn -0.9560 -0.2935 -0.0000
vn -0.9562 -0.2926 -0.0000
vn -0.9571 -0.2899 -0.0000
vn -0.9570 -0.2900 -0.0000
vn -0.9588 -0.2842 -0.0000
vn -0.9587 -0.2843 -0.0000
vn -0.9615 -0.2749 -0.0000
vn -0.9668 -0.2556 -0.0000
vn -0.9666 -0.2561 -0.0000
vn -0.9730 -0.2308 -0.0000
vn -0.9730 -0.2307 -0.0000
vn -0.9750 -0.2220 -0.0000
vn -0.9749 -0.2228 -0.0000
vn -0.9738 -0.2272 -0.0000
vn -0.9738 -0.2276 -0.0000
vn -0.9721 -0.2346 -0.0000
vn -0.9721 -0.2345 -0.0000
vn -0.9700 -0.2432 -0.0000
vn -0.9676 -0.2526 -0.0000
vn -0.9636 -0.2672 -0.0000
vn -0.9586 -0.2848 -0.0000
vn -0.9609 -0.2768 -0.0000
vn -0.9669 -0.2553 -0.0000
vn -0.9705 -0.2412 -0.0000
vn -0.9661 -0.2583 -0.0000
vn -0.9662 -0.2579 -0.0000
vn -0.9533 -0.3021 -0.0000
vn -0.9533 -0.3022 -0.0000
vn -0.9240 -0.3824 -0.0000
vn -0.8646 -0.5025 -0.0000
vn -0.7605 -0.6493 -0.0000
vn -0.6122 -0.7907 -0.0000
vn -0.4465 -0.8948 -0.0000
vn -0.4464 -0.8948 -0.0000
vn -0.2975 -0.9547 -0.0000
vn -0.2971 -0.9548 -0.0000
vn -0.1796 -0.9837 -0.0000
vn -0.0927 -0.9957 -0.0000
vn -0.0052 -1.0000 -0.0000
vn -0.0053 -1.0000 -0.0000
vn 0.0593 -0.9982 -0.0000
vn 0.0594 -0.9982 -0.0000
vn 0.0996 -0.9950 -0.0000
vn 0.0997 -0.9950 -0.0000
vn 0.1740 -0.9848 -0.0000
vn 0.2911 -0.9567 -0.0000
vn 0.5624 -0.8268 -0.0000
vn 0.5621 -0.8271 -0.0000
vn 0.6022 -0.7983 -0.0000
vn 0.6323 -0.7747 -0.0000
vn 0.6325 -0.7745 -0.0000
vn 0.6627 -0.7489 -0.0000
vn 0.7009 -0.7133 -0.0000
vn 0.7469 -0.6649 -0.0000
vn 0.7928 -0.6095 -0.0000
vn 0.8314 -0.5557 -0.0000
vn 0.8317 -0.5553 -0.0000
vn 0.8595 -0.5112 -0.0000
vn 0.8747 -0.4846 -0.0000
vn 0.8826 -0.4701 -0.0000
vn 0.8826 -0.4702 -0.0000
vn 0.8898 -0.4564 -0.0000
vn 0.8969 -0.4422 -0.0000
vn 0.9105 -0.4135 -0.0000
vn 0.9344 -0.3561 -0.0000
vn 0.9503 -0.3115 -0.0000
vn 0.9503 -0.3114 -0.0000
vn 0.9582 -0.2860 -0.0000
vn 0.9582 -0.2861 -0.0000
vn 0.9645 -0.2639 -0.0000
vn 0.9698 -0.2440 -0.0000
vn 0.9698 -0.2439 -0.0000
vn 0.9747 -0.2236 -0.0000
vn 0.9793 -0.2022 -0.0000
vn 0.9840 -0.1784 -0.0000
vn 0.9884 -0.1521 -0.0000
vn 0.9944 -0.1052 -0.0000
vn 0.9987 -0.0512 -0.0000
vn 0.9987 -0.0509 -0.0000
vn 1.0000 -0.0088 -0.0000
vn 0.9994 0.0357 -0.0000
vn 0.9994 0.0356 -0.0000
vn 0.9967 0.0816 -0.0000
vn 0.9919 0.1269 -0.0000
vn 0.9855 0.1699 -0.0000
vn 0.9781 0.2083 -0.0000
vn 0.9706 0.2406 -0.0000
vn 0.9639 0.2663 -0.0000
vn 0.9639 0.2664 -0.0000
vn 0.9587 0.2846 -0.0000
vn 0.9586 0.2847 -0.0000
vn 0.9522 0.3054 -0.0000
vn 0.9432 0.3321 -0.0000
vn 0.9340 0.3573 -0.0000
vn 0.9228 0.3852 -0.0000
vn 0.9230 0.3848 -0.0000
vn 0.9110 0.4124 -0.0000
vn 0.9110 0.4123 -0.0000
vn 0.8988 0.4384 -0.0000
vn 0.8989 0.4381 -0.0000
vn 0.8871 0.4615 -0.0000
vn 0.8872 0.4614 -0.0000
vn 0.8751 0.4840 -0.0000
vn 0.8621 0.5068 -0.0000
vn 0.8620 0.5069 -0.0000
vn 0.8381 0.5455 -0.0000
vn 0.8053 0.5929 -0.0000
vn 0.7739 0.6333 -0.0000
vn 0.7740 0.6331 -0.0000
vn 0.7306 0.6828 -0.0000
vn 0.6690 0.7433 -0.0000
vn 0.5856 0.8106 -0.0000
vn 0.4839 0.8751 -0.0000
vn 0.4838 0.8752 -0.0000
vn 0.3837 0.9235 -0.0000
vn 0.3838 0.9234 -0.0000
vn 0.3093 0.9510 -0.0000
vn 0.2243 0.9745 -0.0000
vn 0.0952 0.9955 -0.0000
vn 0.0953 0.9954 -0.0000
vn -0.0111 0.9999 -0.0000
vn -0.0805 0.9968 -0.0000
vn -0.1202 0.9927 -0.0000
vn -0.1538 0.9881 -0.0000
vn -0.1542 0.9880 -0.0000
vn -0.1823 0.9832 -0.0000
vn -0.2056 0.9786 -0.0000
vn -0.2058 0.9786 -0.0000
vn -0.2247 0.9744 -0.0000
vn -0.2245 0.9745 -0.0000
vn -0.2470 0.9690 -0.0000
vn -0.2683 0.9633 -0.0000
vn -0.2678 0.9635 -0.0000
vn -0.2821 0.9594 -0.0000
vn -0.2924 0.9563 -0.0000
vn -0.2925 0.9563 -0.0000
vn -0.2953 0.9554 -0.0000
vn -0.2935 0.9559 -0.0000
vn -0.2934 0.9560 -0.0000
vn -0.2901 0.9570 -0.0000
vn -0.2900 0.9570 -0.0000
vn -0.2873 0.9578 -0.0000
vn -0.2871 0.9579 -0.0000
vn -0.2835 0.9590 -0.0000
vn -0.2834 0.9590 -0.0000
vn -0.2805 0.9599 -0.0000
vn -0.2802 0.9599 -0.0000
vn -0.2776 0.9607 -0.0000
vn -0.2775 0.9607 -0.0000
vn -0.2768 0.9609 -0.0000
vn -0.2769 0.9609 -0.0000
vn -0.2805 0.9598 -0.0000
vn -0.2929 0.9562 -0.0000
vn -0.3448 0.9387 -0.0000
vn -0.4606 0.8876 -0.0000
vn -0.4609 0.8875 -0.0000
vn -0.5781 0.8160 -0.0000
vn -0.7004 0.7138 -0.0000
vn -0.7970 0.6040 -0.0000
vn -0.8772 0.4801 -0.0000
vn -0.9331 0.3596 -0.0000
vn -0.9331 0.3595 -0.0000
vn -0.9697 0.2443 -0.0000
vn -0.9697 0.2442 -0.0000
vn -0.9939 0.1102 -0.0000
vn -0.9994 -0.0346 -0.0000
vn -0.9898 -0.1426 -0.0000
vn -0.9897 -0.1429 -0.0000
vn -0.9809 -0.1945 -0.0000
vn -0.9759 -0.2184 -0.0000
vn -0.9716 -0.2366 -0.0000
vn -0.9716 -0.2365 -0.0000
vn -0.9683 -0.2499 -0.0000
vn -0.9658 -0.2594 -0.0000
vn -0.9658 -0.2593 -0.0000
vn -0.9638 -0.2666 -0.0000
vn -0.9624 -0.2717 -0.0000
vn -0.9624 -0.2718 -0.0000
vn -0.9612 -0.2757 -0.0000
vn -0.9605 -0.2782 -0.0000
vn -0.9600 -0.2798 -0.0000
vn -0.9601 -0.2798 -0.0000
vn -0.9597 -0.2809 -0.0000
vn -0.9596 -0.2812 -0.0000
vn -0.9596 -0.2815 -0.0000
vn -0.9600 -0.2801 -0.0000
vn -0.9607 -0.2778 -0.0000
vn -0.9606 -0.2779 -0.0000
vn -0.9615 -0.2748 -0.0000
vn -0.9614 -0.2751 -0.0000
vn -0.9631 -0.2691 -0.0000
vn -0.9649 -0.2625 -0.0000
vn -0.9663 -0.2573 -0.0000
vn -0.9663 -0.2576 -0.0000
vn -0.9678 -0.2516 -0.0000
vn -0.9689 -0.2475 -0.0000
vn -0.9694 -0.2453 -0.0000
vn -0.9701 -0.2428 -0.0000
vn -0.9701 -0.2429 -0.0000
vn -0.9706 -0.2406 -0.0000
vn -0.9706 -0.2407 -0.0000
vn -0.9710 -0.2391 -0.0000
vn -0.9713 -0.2380 -0.0000
vn -0.9712 -0.2383 -0.0000
vn -0.9712 -0.2382 -0.0000
vn -0.9709 -0.2393 -0.0000
vn -0.9709 -0.2397 -0.0000
vn -0.9697 -0.2443 -0.0000
vn -0.9679 -0.2512 -0.0000
vn -0.9679 -0.2513 -0.0000
vn -0.9646 -0.2637 -0.0000
vn -0.9592 -0.2826 -0.0000
vn -0.9504 -0.3109 -0.0000
vn -0.9504 -0.3110 -0.0000
vn -0.9361 -0.3516 -0.0000
vn -0.8959 -0.4443 -0.0000
vn -0.8130 -0.5823 -0.0000
vn -0.7189 -0.6951 -0.0000
vn -0.5885 -0.8085 -0.0000
vn -0.4319 -0.9019 -0.0000
vn -0.4317 -0.9020 -0.0000
vn -0.2705 -0.9627 -0.0000
vn -0.1260 -0.9920 -0.0000
vn -0.1261 -0.9920 -0.0000
vn 0.0404 -0.9992 -0.0000
vn 0.1874 -0.9823 -0.0000
vn 0.1873 -0.9823 -0.0000
vn 0.3157 -0.9489 -0.0000
vn 0.3154 -0.9490 -0.0000
vn 0.4245 -0.9054 -0.0000
vn 0.5039 -0.8638 -0.0000
vn -0.0000 -0.0000 -1.0000
vn -0.0001 -0.0000 -1.0000
vn 0.0001 -0.0000 -1.0000
vn 0.0002 -0.0000 -1.0000
vn 0.0001 -0.0000 1.0000
vn -0.0001 -0.0000 1.0000
vn 0.0002 -0.0000 1.0000
vn -0.0002 -0.0000 1.0000
vn 0.9239 0.3827 -0.0000
vn 0.7934 0.6087 -0.0000
vn 0.6087 0.7934 -0.0000
vn 0.3827 0.9239 -0.0000
vn 0.3826 0.9239 -0.0000
vn 0.1310 0.9914 -0.0000
vn 0.1307 0.9914 -0.0000
vn -0.1306 0.9914 -0.0000
vn -0.1305 0.9914 -0.0000
vn -0.3827 0.9239 -0.0000
vn -0.6087 0.7934 -0.0000
vn -0.6088 0.7933 -0.0000
vn -0.7934 0.6087 -0.0000
vn -0.9239 0.3827 -0.0000
vn -0.9239 0.3826 -0.0000
vn -0.9914 0.1306 -0.0000
vn -0.9914 0.1305 -0.0000
vn -0.9914 -0.1307 -0.0000
vn -0.9239 -0.3827 -0.0000
vn -0.7934 -0.6087 -0.0000
vn -0.6088 -0.7933 -0.0000
vn -0.3827 -0.9239 -0.0000
vn -0.1304 -0.9915 -0.0000
vn -0.1303 -0.9915 -0.0000
vn 0.1304 -0.9915 -0.0000
vn 0.3827 -0.9239 -0.0000
vn 0.3826 -0.9239 -0.0000
vn 0.6088 -0.7933 -0.0000
vn 0.6088 -0.7934 -0.0000
vn 0.7934 -0.6087 -0.0000
vn 0.9239 -0.3826 -0.0000
vn 0.9915 -0.1304 -0.0000
vn 0.9914 0.1305 -0.0000
vn 0.9915 0.1304 -0.0000
vn 0.9240 0.3825 -0.0000
vn 0.7934 0.6088 -0.0000
vn 0.6090 0.7932 -0.0000
vn 0.6085 0.7935 -0.0000
vn 0.3828 0.9238 -0.0000
vn 0.1305 0.9914 -0.0000
vn -0.3828 0.9238 -0.0000
vn -0.6090 0.7932 -0.0000
vn -0.6085 0.7935 -0.0000
vn -0.9915 0.1304 -0.0000
vn -0.9915 -0.1304 -0.0000
vn -0.9914 -0.1305 -0.0000
vn -0.7934 -0.6086 -0.0000
vn -0.7933 -0.6088 -0.0000
vn -0.6087 -0.7934 -0.0000
vn -0.6086 -0.7935 -0.0000
vn -0.3826 -0.9239 -0.0000
vn -0.1305 -0.9914 -0.0000
vn 0.1305 -0.9914 -0.0000
vn 0.1306 -0.9914 -0.0000
vn 0.6087 -0.7934 -0.0000
vn 0.6086 -0.7935 -0.0000
vn 0.7935 -0.6086 -0.0000
vn 0.9239 -0.3827 -0.0000
vn 0.9914 -0.1306 -0.0000
vn 0.9239 0.3826 -0.0000
vn 0.7935 0.6086 -0.0000
vn 0.6088 0.7933 -0.0000
vn -0.3826 0.9239 -0.0000
vn -0.7935 0.6086 -0.0000
vn -0.9915 -0.1305 -0.0000
vn -0.9238 -0.3828 -0.0000
vn 0.7933 -0.6088 -0.0000
vn 0.9238 -0.3828 -0.0000
vn 0.9914 -0.1307 -0.0000
vn 0.9914 0.1306 -0.0000
vn 0.7933 0.6088 -0.0000
vn 0.1306 0.9914 -0.0000
vn -0.7936 0.6085 -0.0000
vn -0.7933 0.6088 -0.0000
vn -0.9238 0.3829 -0.0000
vn -0.9914 0.1307 -0.0000
vn -0.9914 -0.1306 -0.0000
vn -0.9240 -0.3825 -0.0000
vn -0.7932 -0.6090 -0.0000
vn -0.6090 -0.7932 -0.0000
vn -0.3829 -0.9238 -0.0000
vn -0.1307 -0.9914 -0.0000
vn -0.1306 -0.9914 -0.0000
vn 0.3829 -0.9238 -0.0000
vn 0.7932 -0.6090 -0.0000
vn 0.9914 0.1307 -0.0000
vt 0.000000 34.000000
vt 0.000000 0.000000
vt 0.000000 0.000000
vt -7.999931 0.000000
vt 0.000000 -34.000000
vt 0.000000 0.000000
vt 7.999931 0.000000
vt -7.999931 34.000000
vt -7.999931 0.000000
vt 0.000000 0.000000
vt 29.634127 47.049995
vt 0.000000 0.000000
vt -32.465874 47.049995
vt 34.129055 48.319344
vt -62.099998 0.000000
vt -32.465874 -13.050001
vt 0.000000 -60.100002
vt 34.129055 -11.780655
vt 29.634127 -13.050001
vt -62.099998 -60.100002
vt 0.000000 -60.099998
vt 7.195282 34.000000
vt -7.838844 0.000000
vt 0.000000 0.000000
vt 15.034126 34.000000
vt 0.000000 34.000000
vt 0.000000 0.000000
vt 15.034126 0.000000
vt -7.979340 0.000000
vt 0.000000 0.000000
vt 7.054787 0.000000
vt -0.000000 -34.000290
vt 0.000000 0.000000
vt -22.965874 34.000000
vt -8.000000 0.000000
vt 0.000000 0.000000
vt -14.965874 34.000000
vt 0.000000 34.000000
vt 0.000000 0.000000
vt -14.965874 0.000000
vt -8.000000 0.000000
vt 0.000000 0.000000
vt -22.965874 0.000000
vt 0.000000 -34.000000
vt 0.000000 0.000000
vt 0.000000 0.000000
vt -25.970947 -11.780655
vt 32.465874 -13.050001
vt -62.099998 0.000000
vt -29.634127 -13.050001
vt -60.100002 -60.099998
vt -24.465942 -47.049999
vt -7.999931 0.000000
vt 0.000000 0.000000
vt -32.465874 -47.049999
vt -34.000000 0.000000
vt 0.000000 0.000000
vt -32.465874 -13.049999
vt -7.999931 0.000000
vt 0.000000 0.000000
vt -24.465942 -13.049999
vt -34.000000 0.000000
vt 0.000000 0.000000
vt -39.520660 -47.049999
vt -7.979340 0.000000
vt 0.000000 0.000000
vt -47.500000 -47.049999
vt -34.000000 0.000000
vt 0.000000 0.000000
vt -47.500000 -13.049999
vt -7.838844 0.000000
vt 0.000000 0.000000
vt -39.661156 -13.049999
vt -34.000290 0.000000
vt 0.000000 0.000000
vt -9.500000 -47.049999
vt -8.000000 0.000000
vt 0.000000 0.000000
vt -17.500000 -47.049999
vt -34.000000 0.000000
vt 0.000000 0.000000
vt -17.500000 -13.049999
vt -8.000000 0.000000
vt 0.000000 0.000000
vt -9.500000 -13.049999
vt -34.000000 0.000000
vt 0.000000 0.000000
vt 34.000290 0.000000
vt 0.000000 0.000000
vt -22.579340 13.050003
vt -34.000290 2.000000
vt 0.000000 2.000000
vt 22.438845 49.050003
vt -22.438845 47.050003
vt 0.000000 0.000000
vt 0.000000 2.000000
vt -7.979340 2.000000
vt 22.579340 15.050003
vt 34.000000 0.000000
vt 0.000000 0.000000
vt -44.599998 47.050003
vt -34.000000 2.000000
vt 0.000000 2.000000
vt 44.599998 15.050003
vt -44.599998 13.050003
vt 8.000000 0.000000
vt 0.000000 0.000000
vt 0.000000 2.000000
vt -8.000000 2.000000
vt 44.599998 49.050003
vt 8.000000 0.000000
vt -52.599998 47.050003
vt 0.000000 0.000000
vt 0.000000 2.000000
vt -34.000000 2.000000
vt 52.599998 49.050003
vt 0.000000 2.000000
vt 29.634127 15.050003
vt -29.634127 13.050003
vt 0.000000 0.000000
vt 34.000000 0.000000
vt 0.000000 0.000000
vt -29.634127 47.050003
vt 34.000000 2.000000
vt 0.000000 2.000000
vt -7.999931 2.000000
vt 29.634127 49.050003
vt 8.000000 0.000000
vt 0.000000 0.000000
vt 22.965874 0.000000
vt 0.000000 2.000000
vt -8.000000 2.000000
vt 2.000000 0.000000
vt 19.500000 15.050001
vt 14.965874 0.000000
vt 0.000000 -34.000000
vt 0.000000 0.000000
vt 0.000000 2.000000
vt -2.000000 0.000000
vt -2.000000 -34.000000
vt 11.500000 15.050001
vt 7.838844 0.000000
vt 0.000000 0.000000
vt -15.034126 34.000000
vt 0.000000 2.000000
vt -7.838844 2.000000
vt -2.000000 0.000000
vt 41.661156 49.049999
vt -7.195282 34.000000
vt 0.000000 34.000290
vt 0.000000 0.000000
vt 0.000000 2.000000
vt 2.000000 0.000000
vt 2.000000 34.000000
vt 49.500000 49.049999
vt 0.000000 0.000000
vt 7.999931 0.000000
vt 0.000000 2.000000
vt -7.999931 2.000000
vt 2.000000 0.000000
vt 34.465874 15.050001
vt 0.000000 -34.000000
vt 0.000000 0.000000
vt 0.000000 2.000000
vt -2.000000 0.000000
vt -2.000000 -34.000000
vt 26.465942 15.050001
vt 8.000000 -2.000000
vt 0.000000 -2.000000
vt 19.500000 15.050003
vt 0.000000 -2.000000
vt 34.000000 -2.000000
vt 11.500000 15.050003
vt 7.838844 -2.000000
vt 0.000000 -2.000000
vt 41.661156 49.050003
vt 0.000000 -2.000000
vt 34.000000 -2.000000
vt 49.500000 49.050003
vt 7.999931 -2.000000
vt 0.000000 -2.000000
vt 34.465874 15.050003
vt 0.000000 -2.000000
vt 34.000000 -2.000000
vt 26.465942 15.050003
vt 2.000000 0.000000
vt 2.000000 34.000290
vt 0.000000 -2.000000
vt -7.195282 34.000000
vt 2.000000 0.000000
vt 0.000000 -2.000000
vt 7.979340 -2.000000
vt -7.054787 0.000000
vt 0.000000 -2.000000
vt 8.000000 -2.000000
vt -2.000000 0.000000
vt 14.965874 34.000000
vt 0.000000 -2.000000
vt 2.000000 0.000000
vt 2.000000 34.000000
vt 22.965874 34.000000
vt -2.000000 0.000000
vt 0.000000 -2.000000
vt 0.000000 0.000000
vt -2.000000 34.000000
vt 0.000000 -2.000000
vt 7.999931 -2.000000
vt 0.000000 34.000000
vt -0.000000 -0.237031
vt -2.000000 -0.237031
vt 0.000000 0.000000
vt -37.647743 -45.508480
vt 0.000000 0.000000
vt 2.000000 0.000000
vt 9.447456 4.870752
vt -0.000000 -0.284083
vt 0.000000 0.000000
vt -37.418404 -45.448589
vt -0.000000 -0.237031
vt 2.000000 0.000000
vt 0.000000 0.000000
vt 9.676796 4.810862
vt -0.000000 -0.192824
vt -2.000000 -0.192824
vt 0.000000 0.000000
vt -37.832657 -45.563145
vt -0.000000 -0.192824
vt 2.000000 0.000000
vt 0.000000 0.000000
vt 9.861710 4.756197
vt -0.000000 -0.153111
vt -2.000000 -0.153111
vt 0.000000 0.000000
vt -37.976757 -45.614895
vt -0.000000 -0.153111
vt 2.000000 0.000000
vt 0.000000 0.000000
vt 10.005810 4.704447
vt -0.000000 -0.119363
vt -2.000000 -0.119363
vt 0.000000 0.000000
vt -38.084572 -45.666115
vt -0.000000 -0.119363
vt 2.000000 0.000000
vt 0.000000 0.000000
vt 10.113625 4.653227
vt -0.000000 -0.093083
vt -2.000000 -0.093083
vt 0.000000 0.000000
vt -38.161121 -45.719074
vt -0.000000 -0.093083
vt 2.000000 0.000000
vt 0.000000 0.000000
vt 10.190174 4.600267
vt -0.000000 -0.039537
vt -2.000000 -0.039537
vt 0.000000 0.000000
vt -38.189281 -45.746826
vt -0.000000 -0.039537
vt 2.000000 0.000000
vt 0.000000 0.000000
vt 10.218334 4.572515
vt -0.000000 -0.036431
vt -2.000000 -0.036431
vt 0.000000 0.000000
vt -38.211517 -45.775684
vt -0.000000 -0.036431
vt 2.000000 0.000000
vt 0.000000 0.000000
vt 10.240570 4.543657
vt -0.000000 -0.034519
vt -2.000000 -0.034519
vt 0.000000 0.000000
vt -38.228405 -45.805790
vt -0.000000 -0.034519
vt 2.000000 0.000000
vt 0.000000 0.000000
vt 10.257458 4.513552
vt -0.000000 -0.033672
vt -2.000000 -0.033672
vt 0.000000 0.000000
vt -38.240459 -45.837231
vt -0.000000 -0.033672
vt 2.000000 0.000000
vt 0.000000 0.000000
vt 10.269512 4.482111
vt -0.000000 -0.067913
vt -2.000000 -0.067913
vt 0.000000 0.000000
vt -38.251846 -45.904182
vt -0.000000 -0.067913
vt 2.000000 0.000000
vt 0.000000 0.000000
vt 10.280899 4.415159
vt 0.000000 -0.071983
vt -2.000000 -0.071983
vt 0.000000 0.000000
vt -38.248615 -45.976093
vt 0.000000 -0.071983
vt 2.000000 0.000000
vt 0.000000 0.000000
vt 10.277668 4.343248
vt 0.000000 -0.077246
vt -2.000000 -0.077246
vt 0.000000 0.000000
vt -38.232826 -46.051708
vt 0.000000 -0.077246
vt 2.000000 0.000000
vt 0.000000 0.000000
vt 10.261879 4.267633
vt 0.000000 -0.167004
vt -2.000000 -0.167004
vt 0.000000 0.000000
vt -38.169540 -46.206257
vt 0.000000 -0.167004
vt 2.000000 0.000000
vt 0.000000 0.000000
vt 10.198593 4.113085
vt 0.000000 -0.172583
vt -2.000000 -0.172583
vt 0.000000 0.000000
vt -38.074631 -46.350399
vt 0.000000 -0.172583
vt 2.000000 0.000000
vt 0.000000 0.000000
vt 10.103683 3.968943
vt 0.000000 -0.162608
vt -2.000000 -0.162608
vt 0.000000 0.000000
vt -37.963341 -46.468956
vt 0.000000 -0.162608
vt 2.000000 0.000000
vt 0.000000 0.000000
vt 9.992393 3.850386
vt 0.000000 -0.148497
vt -2.000000 -0.148497
vt 0.000000 0.000000
vt -37.843925 -46.557224
vt 0.000000 -0.148497
vt -2.000000 0.000000
vt 0.000000 0.000000
vt 9.872978 3.762117
vt 0.000000 0.156503
vt 2.000000 0.156503
vt 0.000000 0.000000
vt -37.704365 -46.628048
vt 0.000000 0.156503
vt -2.000000 0.000000
vt 0.000000 0.000000
vt 9.733418 3.691294
vt 0.000000 0.208836
vt 2.000000 0.208836
vt 0.000000 0.000000
vt -37.512184 -46.709774
vt 0.000000 0.208836
vt -2.000000 0.000000
vt 0.000000 0.000000
vt 9.541237 3.609568
vt 0.000000 0.308328
vt 2.000000 0.308328
vt 0.000000 0.000000
vt -37.229801 -46.833572
vt 0.000000 0.308328
vt -2.000000 0.000000
vt 0.000000 0.000000
vt 9.258854 3.485769
vt 0.000000 0.202811
vt 2.000000 0.202811
vt 0.000000 0.000000
vt -37.045639 -46.918522
vt 0.000000 0.202811
vt -2.000000 0.000000
vt 0.000000 0.000000
vt 9.074692 3.400820
vt 0.000000 0.238669
vt 2.000000 0.238669
vt 0.000000 0.000000
vt -36.830036 -47.020885
vt 0.000000 0.238669
vt -2.000000 0.000000
vt 0.000000 0.000000
vt 8.859089 3.298456
vt 0.000000 0.275479
vt 2.000000 0.275479
vt 0.000000 0.000000
vt -36.582169 -47.141094
vt 0.000000 0.275479
vt -2.000000 0.000000
vt 0.000000 0.000000
vt 8.611221 3.178247
vt 0.000000 0.312144
vt 2.000000 0.312144
vt 0.000000 0.000000
vt -36.302071 -47.278858
vt 0.000000 0.312144
vt -2.000000 0.000000
vt 0.000000 0.000000
vt 8.331123 3.040483
vt 0.000000 0.728741
vt 2.000000 0.728741
vt 0.000000 0.000000
vt -35.649200 -47.602623
vt 0.000000 0.728741
vt -2.000000 0.000000
vt 0.000000 0.000000
vt 7.678253 2.716719
vt 0.000000 0.850538
vt 2.000000 0.850538
vt 0.000000 0.000000
vt -34.886002 -47.978046
vt 0.000000 0.850538
vt -2.000000 0.000000
vt 0.000000 0.000000
vt 6.915054 2.341295
vt 0.000000 0.942824
vt 2.000000 0.942824
vt 0.000000 0.000000
vt -34.035339 -48.384605
vt 0.000000 0.942824
vt -2.000000 0.000000
vt 0.000000 0.000000
vt 6.064392 1.934736
vt 0.000000 0.999454
vt 2.000000 0.999454
vt 0.000000 0.000000
vt -33.125481 -48.798206
vt 0.000000 0.999454
vt -2.000000 0.000000
vt 0.000000 0.000000
vt 5.154533 1.521135
vt 0.000000 1.018336
vt 2.000000 1.018336
vt 0.000000 0.000000
vt -32.187199 -49.193977
vt 0.000000 1.018336
vt -2.000000 0.000000
vt 0.000000 0.000000
vt 4.216251 1.125364
vt 0.000000 1.001428
vt 2.000000 1.001428
vt 0.000000 0.000000
vt -31.250854 -49.549107
vt 0.000000 1.001428
vt -2.000000 0.000000
vt 0.000000 0.000000
vt 3.279907 0.770235
vt 0.000000 0.954580
vt 2.000000 0.954580
vt 0.000000 0.000000
vt -30.343506 -49.845657
vt 0.000000 0.954580
vt -2.000000 0.000000
vt 0.000000 0.000000
vt 2.372559 0.473684
vt 0.000000 0.887018
vt 2.000000 0.887018
vt 0.000000 0.000000
vt -29.486164 -50.073177
vt 0.000000 0.887018
vt -2.000000 0.000000
vt 0.000000 0.000000
vt 1.515217 0.246164
vt 0.000000 0.808687
vt 2.000000 0.808687
vt 2.000000 0.000000
vt -28.692734 -50.229523
vt 0.000000 0.808687
vt 0.000000 0.000000
vt 0.721786 0.089821
vt 2.000000 0.727354
vt 2.000000 0.000000
vt -27.970947 -50.319344
vt 0.000000 0.727354
vt 0.000000 0.000000
vt 2.000000 0.648046
vt 0.000000 0.000000
vt -27.323734 -50.352196
vt 0.000000 0.648046
vt -2.000000 0.000000
vt 0.000000 0.000000
vt -0.647213 -0.032854
vt 0.000000 0.573332
vt 2.000000 0.573332
vt 0.000000 0.000000
vt -26.750519 -50.340652
vt 0.000000 0.573332
vt -2.000000 0.000000
vt 0.000000 0.000000
vt -1.220428 -0.021311
vt 0.000000 0.503725
vt 2.000000 0.503725
vt 0.000000 0.000000
vt -26.248569 -50.298393
vt 0.000000 0.503725
vt -2.000000 0.000000
vt 0.000000 0.000000
vt -1.722378 0.020948
vt 0.000000 0.438389
vt 2.000000 0.438389
vt 0.000000 0.000000
vt -25.814316 -50.238319
vt 0.000000 0.438389
vt -2.000000 0.000000
vt 0.000000 0.000000
vt -2.156631 0.081022
vt 0.000000 0.375792
vt 2.000000 0.375792
vt 0.000000 0.000000
vt -25.444664 -50.170666
vt 0.000000 0.375792
vt -2.000000 0.000000
vt 0.000000 0.000000
vt -2.526283 0.148678
vt 0.000000 0.314364
vt 2.000000 0.314364
vt 0.000000 0.000000
vt -25.138111 -50.101021
vt 0.000000 0.314364
vt -2.000000 0.000000
vt 0.000000 0.000000
vt -2.832836 0.218321
vt 0.000000 0.253928
vt 2.000000 0.253928
vt 0.000000 0.000000
vt -24.894913 -50.027988
vt 0.000000 0.253928
vt -2.000000 0.000000
vt 0.000000 0.000000
vt -3.076035 0.291353
vt 0.000000 0.198496
vt 2.000000 0.198496
vt 0.000000 0.000000
vt -24.716640 -49.940697
vt 0.000000 0.198496
vt -2.000000 0.000000
vt 0.000000 0.000000
vt -3.254307 0.378645
vt 0.000000 0.084865
vt 2.000000 0.084865
vt 0.000000 0.000000
vt -24.652588 -49.885025
vt 0.000000 0.084865
vt -2.000000 0.000000
vt 0.000000 0.000000
vt -3.318359 0.434317
vt 0.000000 0.041363
vt 2.000000 0.041363
vt 0.000000 0.000000
vt -24.626980 -49.852543
vt 0.000000 0.041363
vt -2.000000 0.000000
vt 0.000000 0.000000
vt -3.343967 0.466799
vt 0.000000 0.042091
vt 2.000000 0.042091
vt 0.000000 0.000000
vt -24.605694 -49.816231
vt 0.000000 0.042091
vt -2.000000 0.000000
vt 0.000000 0.000000
vt -3.365253 0.503111
vt 0.000000 0.091272
vt 2.000000 0.091272
vt 0.000000 0.000000
vt -24.576225 -49.729847
vt 0.000000 0.091272
vt -2.000000 0.000000
vt 0.000000 0.000000
vt -3.394722 0.589495
vt 0.000000 0.109122
vt 2.000000 0.109122
vt 0.000000 0.000000
vt -24.564323 -49.621376
vt 0.000000 0.109122
vt -2.000000 0.000000
vt 0.000000 0.000000
vt -3.406624 0.697966
vt 0.000000 0.134749
vt 2.000000 0.134749
vt 0.000000 0.000000
vt -24.569939 -49.486744
vt 0.000000 0.134749
vt -2.000000 0.000000
vt 0.000000 0.000000
vt -3.401009 0.832598
vt 0.000000 0.165560
vt 2.000000 0.165560
vt 0.000000 0.000000
vt -24.592743 -49.322762
vt 0.000000 0.165560
vt -2.000000 0.000000
vt 0.000000 0.000000
vt -3.378204 0.996580
vt 0.000000 0.199156
vt 2.000000 0.199156
vt 0.000000 0.000000
vt -24.632061 -49.127525
vt 0.000000 0.199156
vt -2.000000 0.000000
vt 0.000000 0.000000
vt -3.338886 1.191816
vt 0.000000 0.233485
vt 2.000000 0.233485
vt 0.000000 0.000000
vt -24.686863 -48.900562
vt 0.000000 0.233485
vt -2.000000 0.000000
vt 0.000000 0.000000
vt -3.284084 1.418779
vt 0.000000 0.564311
vt 2.000000 0.564311
vt 0.000000 0.000000
vt -24.837154 -48.356632
vt 0.000000 0.564311
vt -2.000000 0.000000
vt 0.000000 0.000000
vt -3.133793 1.962709
vt 0.000000 0.672388
vt 2.000000 0.672388
vt 0.000000 0.000000
vt -25.029751 -47.712418
vt 0.000000 0.672388
vt -2.000000 0.000000
vt 0.000000 0.000000
vt -2.941196 2.606924
vt 0.000000 1.509837
vt 2.000000 1.509837
vt 0.000000 0.000000
vt -25.476185 -46.270092
vt 0.000000 1.509837
vt -2.000000 0.000000
vt 0.000000 0.000000
vt -2.494762 4.049250
vt 0.000000 0.745783
vt 2.000000 0.745783
vt 0.000000 0.000000
vt -25.697830 -45.558006
vt 0.000000 0.745783
vt -2.000000 0.000000
vt 0.000000 0.000000
vt -2.273117 4.761335
vt 0.000000 0.683441
vt 2.000000 0.683441
vt 0.000000 0.000000
vt -25.901237 -44.905537
vt 0.000000 0.683441
vt -2.000000 0.000000
vt 0.000000 0.000000
vt -2.069710 5.413805
vt 0.000000 0.592083
vt 2.000000 0.592083
vt 0.000000 0.000000
vt -26.079586 -44.340954
vt 0.000000 0.592083
vt -2.000000 0.000000
vt 0.000000 0.000000
vt -1.891361 5.978388
vt 0.000000 0.489256
vt 2.000000 0.489256
vt 0.000000 0.000000
vt -26.232956 -43.876358
vt 0.000000 0.489256
vt -2.000000 0.000000
vt 0.000000 0.000000
vt -1.737991 6.442984
vt 0.000000 0.392389
vt 2.000000 0.392389
vt 0.000000 0.000000
vt -26.367592 -43.507790
vt 0.000000 0.392389
vt -2.000000 0.000000
vt 0.000000 0.000000
vt -1.603355 6.811552
vt 0.000000 0.312668
vt 2.000000 0.312668
vt 0.000000 0.000000
vt -26.492619 -43.221207
vt 0.000000 0.312668
vt -2.000000 0.000000
vt 0.000000 0.000000
vt -1.478329 7.098135
vt 0.000000 0.253890
vt 2.000000 0.253890
vt 0.000000 0.000000
vt -26.616344 -42.999504
vt 0.000000 0.253890
vt -2.000000 0.000000
vt 0.000000 0.000000
vt -1.354603 7.319838
vt 0.000000 0.211766
vt 2.000000 0.211766
vt 0.000000 0.000000
vt -26.742569 -42.829468
vt 0.000000 0.211766
vt -2.000000 0.000000
vt 0.000000 0.000000
vt -1.228378 7.489874
vt 0.000000 0.176436
vt 2.000000 0.176436
vt 0.000000 0.000000
vt -26.869553 -42.706974
vt 0.000000 0.176436
vt -2.000000 0.000000
vt 0.000000 0.000000
vt -1.101395 7.612368
vt 0.000000 0.076517
vt 2.000000 0.076517
vt 0.000000 0.000000
vt -26.933220 -42.664532
vt 0.000000 0.076517
vt 2.000000 0.000000
vt 0.000000 0.000000
vt -1.037727 7.654810
vt -0.000000 -0.071515
vt -2.000000 -0.071515
vt 0.000000 0.000000
vt -26.998646 -42.635654
vt -0.000000 -0.071515
vt 2.000000 0.000000
vt 0.000000 0.000000
vt -0.972301 7.683687
vt -0.000000 -0.071699
vt -2.000000 -0.071699
vt 0.000000 0.000000
vt -27.068859 -42.621136
vt -0.000000 -0.071699
vt 2.000000 0.000000
vt 0.000000 0.000000
vt -0.902088 7.698206
vt -0.000000 -0.079656
vt -2.000000 -0.079656
vt 0.000000 0.000000
vt -27.148514 -42.621655
vt -0.000000 -0.079656
vt 2.000000 0.000000
vt 0.000000 0.000000
vt -0.822433 7.697687
vt -0.000000 -0.217464
vt -2.000000 -0.217464
vt 0.000000 0.000000
vt -27.360645 -42.669518
vt -0.000000 -0.217464
vt 2.000000 0.000000
vt 0.000000 0.000000
vt -0.610302 7.649824
vt -0.000000 -0.153391
vt -2.000000 -0.153391
vt 0.000000 0.000000
vt -27.506439 -42.717194
vt -0.000000 -0.153391
vt 2.000000 0.000000
vt 0.000000 0.000000
vt -0.464508 7.602148
vt -0.000000 -0.191505
vt -2.000000 -0.191505
vt 0.000000 0.000000
vt -27.687168 -42.780529
vt -0.000000 -0.191505
vt 2.000000 0.000000
vt 0.000000 0.000000
vt -0.283779 7.538813
vt -0.000000 -0.234382
vt -2.000000 -0.234382
vt 0.000000 0.000000
vt -27.908005 -42.859055
vt -0.000000 -0.234382
vt 2.000000 0.000000
vt 0.000000 0.000000
vt -0.062943 7.460287
vt -0.000000 -0.280351
vt -2.000000 -0.280351
vt 0.000000 0.000000
vt -28.172497 -42.952011
vt -0.000000 -0.280351
vt 2.000000 0.000000
vt 0.000000 0.000000
vt 0.201550 7.367331
vt -0.000000 -0.327637
vt -2.000000 -0.327637
vt 0.000000 0.000000
vt -28.482395 -43.058353
vt -0.000000 -0.327637
vt 2.000000 0.000000
vt 0.000000 0.000000
vt 0.511448 7.260988
vt -0.000000 -0.374558
vt -2.000000 -0.374558
vt 0.000000 0.000000
vt -28.837734 -43.176792
vt -0.000000 -0.374558
vt 2.000000 0.000000
vt 0.000000 0.000000
vt 0.866787 7.142550
vt -0.000000 -0.419610
vt -2.000000 -0.419610
vt 0.000000 0.000000
vt -29.237015 -43.305817
vt -0.000000 -0.419610
vt 2.000000 0.000000
vt 0.000000 0.000000
vt 1.266068 7.013525
vt -0.000000 -0.461463
vt -2.000000 -0.461463
vt 0.000000 0.000000
vt -29.677380 -43.443756
vt -0.000000 -0.461463
vt 2.000000 0.000000
vt 0.000000 0.000000
vt 1.706432 6.875586
vt -0.000000 -1.030069
vt -2.000000 -1.030069
vt 0.000000 0.000000
vt -30.664215 -43.739048
vt -0.000000 -1.030069
vt 2.000000 0.000000
vt 0.000000 0.000000
vt 2.693268 6.580294
vt -0.000000 -1.133403
vt -2.000000 -1.133403
vt 0.000000 0.000000
vt -31.754879 -44.047356
vt -0.000000 -1.133403
vt 2.000000 0.000000
vt 0.000000 0.000000
vt 3.783932 6.271986
vt -0.000000 -2.348657
vt -2.000000 -2.348657
vt 0.000000 0.000000
vt -34.027000 -44.642044
vt -0.000000 -2.348657
vt 2.000000 0.000000
vt 0.000000 0.000000
vt 6.056053 5.677298
vt -0.000000 -1.095351
vt -2.000000 -1.095351
vt 0.000000 0.000000
vt -35.091080 -44.901909
vt -0.000000 -1.095351
vt 2.000000 0.000000
vt 0.000000 0.000000
vt 7.120132 5.417433
vt -0.000000 -0.503580
vt -2.000000 -0.503580
vt 0.000000 0.000000
vt -35.581062 -45.018143
vt -0.000000 -0.503580
vt 2.000000 0.000000
vt 0.000000 0.000000
vt 7.610115 5.301199
vt -0.000000 -0.466497
vt -2.000000 -0.466497
vt 0.000000 0.000000
vt -36.035320 -45.124298
vt -0.000000 -0.466497
vt 2.000000 0.000000
vt 0.000000 0.000000
vt 8.064373 5.195044
vt -0.000000 -0.424782
vt -2.000000 -0.424782
vt 0.000000 0.000000
vt -36.449158 -45.220100
vt -0.000000 -0.424782
vt 2.000000 0.000000
vt 0.000000 0.000000
vt 8.478210 5.099241
vt -0.000000 -0.379568
vt -2.000000 -0.379568
vt 0.000000 0.000000
vt -36.818958 -45.305653
vt -0.000000 -0.379568
vt 2.000000 0.000000
vt 0.000000 0.000000
vt 8.848011 5.013689
vt -0.000000 -0.332173
vt -2.000000 -0.332173
vt 0.000000 0.000000
vt -37.142361 -45.381481
vt -0.000000 -0.332173
vt 2.000000 0.000000
vt 2.000000 0.284083
vt 9.171413 4.937860
vt -0.000000 -0.210842
vt -2.000000 -0.210842
vt 0.000000 0.000000
vt -24.327312 -42.055553
vt 0.000000 0.000000
vt 2.000000 0.000000
vt -3.839840 8.340975
vt -0.000000 -0.245880
vt 0.000000 0.000000
vt -24.131107 -41.978367
vt -0.000000 -0.210842
vt 2.000000 0.000000
vt 0.000000 0.000000
vt -3.643635 8.263788
vt -0.000000 -0.177412
vt -2.000000 -0.177412
vt 0.000000 0.000000
vt -24.484123 -42.138531
vt -0.000000 -0.177412
vt 2.000000 0.000000
vt 0.000000 0.000000
vt -3.486824 8.180811
vt -0.000000 -0.150270
vt -2.000000 -0.150270
vt 0.000000 0.000000
vt -24.601318 -42.232586
vt -0.000000 -0.150270
vt 2.000000 0.000000
vt 0.000000 0.000000
vt -3.369629 8.086756
vt -0.000000 -0.068878
vt -2.000000 -0.068878
vt 0.000000 0.000000
vt -24.645344 -42.285557
vt -0.000000 -0.068878
vt 2.000000 0.000000
vt 0.000000 0.000000
vt -3.325603 8.033785
vt -0.000000 -0.067446
vt -2.000000 -0.067446
vt 0.000000 0.000000
vt -24.679943 -42.343452
vt -0.000000 -0.067446
vt 2.000000 0.000000
vt 0.000000 0.000000
vt -3.291004 7.975889
vt -0.000000 -0.068443
vt -2.000000 -0.068443
vt 0.000000 0.000000
vt -24.705406 -42.406982
vt -0.000000 -0.068443
vt 2.000000 0.000000
vt 0.000000 0.000000
vt -3.265541 7.912359
vt -0.000000 -0.071809
vt -2.000000 -0.071809
vt 0.000000 0.000000
vt -24.722076 -42.476830
vt -0.000000 -0.071809
vt 2.000000 0.000000
vt 0.000000 0.000000
vt -3.248871 7.842512
vt -0.000000 -0.161340
vt -2.000000 -0.161340
vt 0.000000 0.000000
vt -24.730621 -42.637943
vt -0.000000 -0.161340
vt 2.000000 0.000000
vt 0.000000 0.000000
vt -3.240326 7.681398
vt 0.000000 -0.194353
vt -2.000000 -0.194353
vt 0.000000 0.000000
vt -24.709064 -42.831097
vt 0.000000 -0.194353
vt 2.000000 0.000000
vt 0.000000 0.000000
vt -3.261883 7.488245
vt 0.000000 -0.233000
vt -2.000000 -0.233000
vt 0.000000 0.000000
vt -24.661274 -43.059143
vt 0.000000 -0.233000
vt 2.000000 0.000000
vt 0.000000 0.000000
vt -3.309673 7.260199
vt 0.000000 -0.273084
vt -2.000000 -0.273084
vt 0.000000 0.000000
vt -24.591267 -43.323101
vt 0.000000 -0.273084
vt 2.000000 0.000000
vt 0.000000 0.000000
vt -3.379681 6.996241
vt 0.000000 -0.311639
vt -2.000000 -0.311639
vt 0.000000 0.000000
vt -24.503078 -43.622002
vt 0.000000 -0.311639
vt 2.000000 0.000000
vt 0.000000 0.000000
vt -3.467869 6.697340
vt 0.000000 -0.722663
vt -2.000000 -0.722663
vt 0.000000 0.000000
vt -24.287876 -44.311878
vt 0.000000 -0.722663
vt 2.000000 0.000000
vt 0.000000 0.000000
vt -3.683071 6.007463
vt 0.000000 -0.814858
vt -2.000000 -0.814858
vt 0.000000 0.000000
vt -24.045673 -45.089909
vt 0.000000 -0.814858
vt 2.000000 0.000000
vt 0.000000 0.000000
vt -3.925274 5.229433
vt 0.000000 -0.847761
vt -2.000000 -0.847761
vt 0.000000 0.000000
vt -23.803013 -45.902199
vt 0.000000 -0.847761
vt 2.000000 0.000000
vt 0.000000 0.000000
vt -4.167934 4.417143
vt 0.000000 -0.817502
vt -2.000000 -0.817502
vt 0.000000 0.000000
vt -23.581337 -46.689072
vt 0.000000 -0.817502
vt 2.000000 0.000000
vt 0.000000 0.000000
vt -4.389610 3.630270
vt 0.000000 -0.729321
vt -2.000000 -0.729321
vt 0.000000 0.000000
vt -23.395367 -47.394283
vt 0.000000 -0.729321
vt 2.000000 0.000000
vt 0.000000 0.000000
vt -4.575581 2.925058
vt 0.000000 -0.317169
vt -2.000000 -0.317169
vt 0.000000 0.000000
vt -23.318130 -47.701904
vt 0.000000 -0.317169
vt 2.000000 0.000000
vt 0.000000 0.000000
vt -4.652817 2.617437
vt 0.000000 -0.280406
vt -2.000000 -0.280406
vt 0.000000 0.000000
vt -23.251465 -47.974270
vt 0.000000 -0.280406
vt 2.000000 0.000000
vt 0.000000 0.000000
vt -4.719482 2.345072
vt 0.000000 -0.241947
vt -2.000000 -0.241947
vt 0.000000 0.000000
vt -23.194580 -48.209435
vt 0.000000 -0.241947
vt 2.000000 0.000000
vt 0.000000 0.000000
vt -4.776367 2.109907
vt 0.000000 -0.203840
vt -2.000000 -0.203840
vt 0.000000 0.000000
vt -23.145973 -48.407394
vt 0.000000 -0.203840
vt 2.000000 0.000000
vt 0.000000 0.000000
vt -4.824974 1.911947
vt 0.000000 -0.306698
vt -2.000000 -0.306698
vt 0.000000 0.000000
vt -23.063725 -48.702858
vt 0.000000 -0.306698
vt 2.000000 0.000000
vt 0.000000 0.000000
vt -4.907223 1.616484
vt 0.000000 -0.215256
vt -2.000000 -0.215256
vt 0.000000 0.000000
vt -22.980228 -48.901260
vt 0.000000 -0.215256
vt 2.000000 0.000000
vt 0.000000 0.000000
vt -4.990719 1.418081
vt 0.000000 -0.188053
vt -2.000000 -0.188053
vt 0.000000 0.000000
vt -22.872559 -49.055439
vt 0.000000 -0.188053
vt 2.000000 0.000000
vt 0.000000 0.000000
vt -5.098389 1.263903
vt 0.000000 -0.203621
vt -2.000000 -0.203621
vt 0.000000 0.000000
vt -22.733402 -49.204090
vt 0.000000 -0.203621
vt 2.000000 0.000000
vt 0.000000 0.000000
vt -5.237545 1.115252
vt 0.000000 -0.411677
vt -2.000000 -0.411677
vt 0.000000 0.000000
vt -22.429325 -49.481606
vt 0.000000 -0.411677
vt 2.000000 0.000000
vt 0.000000 0.000000
vt -5.541622 0.837736
vt 0.000000 -0.085347
vt -2.000000 -0.085347
vt 0.000000 0.000000
vt -22.359032 -49.530010
vt 0.000000 -0.085347
vt -2.000000 0.000000
vt 0.000000 0.000000
vt -5.611916 0.789331
vt 0.000000 0.079380
vt 2.000000 0.079380
vt 0.000000 0.000000
vt -22.287502 -49.564430
vt 0.000000 0.079380
vt -2.000000 0.000000
vt 0.000000 0.000000
vt -5.683445 0.754911
vt 0.000000 0.081012
vt 2.000000 0.081012
vt 0.000000 0.000000
vt -22.208767 -49.583500
vt 0.000000 0.081012
vt -2.000000 0.000000
vt 0.000000 0.000000
vt -5.762180 0.735842
vt 0.000000 0.093215
vt 2.000000 0.093215
vt 0.000000 0.000000
vt -22.115604 -49.586620
vt 0.000000 0.093215
vt -2.000000 0.000000
vt 0.000000 0.000000
vt -5.855343 0.732721
vt 0.000000 0.261003
vt 2.000000 0.261003
vt 0.000000 0.000000
vt -21.857903 -49.545242
vt 0.000000 0.261003
vt -2.000000 0.000000
vt 0.000000 0.000000
vt -6.113045 0.774099
vt 0.000000 0.180046
vt 2.000000 0.180046
vt 0.000000 0.000000
vt -21.683243 -49.501534
vt 0.000000 0.180046
vt -2.000000 0.000000
vt 0.000000 0.000000
vt -6.287704 0.817808
vt 0.000000 0.215952
vt 2.000000 0.215952
vt 0.000000 0.000000
vt -21.475323 -49.443184
vt 0.000000 0.215952
vt -2.000000 0.000000
vt 0.000000 0.000000
vt -6.495625 0.876158
vt 0.000000 0.533176
vt 2.000000 0.533176
vt 0.000000 0.000000
vt -20.966156 -49.284988
vt 0.000000 0.533176
vt -2.000000 0.000000
vt 0.000000 0.000000
vt -7.004791 1.034353
vt 0.000000 0.639869
vt 2.000000 0.639869
vt 0.000000 0.000000
vt -20.361317 -49.076180
vt 0.000000 0.639869
vt -2.000000 0.000000
vt 0.000000 0.000000
vt -7.609631 1.243162
vt 0.000000 0.696456
vt 2.000000 0.696456
vt 0.000000 0.000000
vt -19.712269 -48.823616
vt 0.000000 0.696456
vt -2.000000 0.000000
vt 0.000000 0.000000
vt -8.258678 1.495726
vt 0.000000 0.695637
vt 2.000000 0.695637
vt 0.000000 0.000000
vt -19.078953 -48.535828
vt 0.000000 0.695637
vt -2.000000 0.000000
vt 0.000000 0.000000
vt -8.891994 1.783514
vt 0.000000 0.642327
vt 2.000000 0.642327
vt 0.000000 0.000000
vt -18.517735 -48.223389
vt 0.000000 0.642327
vt -2.000000 0.000000
vt 0.000000 0.000000
vt -9.453213 2.095953
vt 0.000000 0.553271
vt 2.000000 0.553271
vt 0.000000 0.000000
vt -18.069340 -47.899273
vt 0.000000 0.553271
vt -2.000000 0.000000
vt 0.000000 0.000000
vt -9.901608 2.420069
vt 0.000000 0.454044
vt 2.000000 0.454044
vt 0.000000 0.000000
vt -17.747421 -47.579079
vt 0.000000 0.454044
vt -2.000000 0.000000
vt 0.000000 0.000000
vt -10.223526 2.740263
vt 0.000000 0.366559
vt 2.000000 0.366559
vt 0.000000 0.000000
vt -17.536263 -47.279449
vt 0.000000 0.366559
vt -2.000000 0.000000
vt 0.000000 0.000000
vt -10.434685 3.039892
vt 0.000000 0.297532
vt 2.000000 0.297532
vt 0.000000 0.000000
vt -17.402504 -47.013680
vt 0.000000 0.297532
vt -2.000000 0.000000
vt 0.000000 0.000000
vt -10.568443 3.305662
vt 0.000000 0.245010
vt 2.000000 0.245010
vt 0.000000 0.000000
vt -17.310223 -46.786713
vt 0.000000 0.245010
vt -2.000000 0.000000
vt 0.000000 0.000000
vt -10.660725 3.532629
vt 0.000000 0.407479
vt 2.000000 0.407479
vt 0.000000 0.000000
vt -17.177456 -46.401470
vt 0.000000 0.407479
vt -2.000000 0.000000
vt 0.000000 0.000000
vt -10.793491 3.917871
vt 0.000000 0.207716
vt 2.000000 0.207716
vt 0.000000 0.000000
vt -17.144550 -46.196377
vt 0.000000 0.207716
vt -2.000000 0.000000
vt 0.000000 0.000000
vt -10.826397 4.122965
vt 0.000000 0.231012
vt 2.000000 0.231012
vt 0.000000 0.000000
vt -17.142506 -45.965374
vt 0.000000 0.231012
vt -2.000000 0.000000
vt 0.000000 0.000000
vt -10.828442 4.353968
vt 0.000000 0.478185
vt 2.000000 0.478185
vt 0.000000 0.000000
vt -17.186615 -45.489227
vt 0.000000 0.478185
vt -2.000000 0.000000
vt 0.000000 0.000000
vt -10.784332 4.830114
vt 0.000000 0.430876
vt 2.000000 0.430876
vt 0.000000 0.000000
vt -17.227936 -45.060337
vt 0.000000 0.430876
vt -2.000000 0.000000
vt 0.000000 0.000000
vt -10.743011 5.259005
vt 0.000000 0.261281
vt 2.000000 0.261281
vt 0.000000 0.000000
vt -17.270481 -44.802544
vt 0.000000 0.261281
vt -2.000000 0.000000
vt 0.000000 0.000000
vt -10.700466 5.516798
vt 0.000000 0.348821
vt 2.000000 0.348821
vt 0.000000 0.000000
vt -17.353123 -44.463654
vt 0.000000 0.348821
vt -2.000000 0.000000
vt 0.000000 0.000000
vt -10.617825 5.855688
vt 0.000000 0.453265
vt 2.000000 0.453265
vt 2.000000 0.000000
vt -17.483501 -44.029545
vt 0.000000 0.453265
vt 0.000000 0.000000
vt -10.487446 6.289797
vt 2.000000 0.540592
vt 0.000000 0.000000
vt -17.654472 -43.516701
vt 0.000000 0.540592
vt -2.000000 0.000000
vt -10.316475 6.802641
vt 0.000000 1.167764
vt 0.000000 0.000000
vt -18.046799 -42.416813
vt -2.000000 1.167764
vt -2.000000 0.000000
vt 0.000000 0.000000
vt -9.924149 7.902529
vt 0.000000 0.524000
vt 2.000000 0.524000
vt 0.000000 0.000000
vt -18.229176 -41.925575
vt 0.000000 0.524000
vt -2.000000 0.000000
vt 0.000000 0.000000
vt -9.741772 8.393766
vt 0.000000 0.430356
vt 2.000000 0.430356
vt 0.000000 0.000000
vt -18.386322 -41.524937
vt 0.000000 0.430356
vt -2.000000 0.000000
vt 0.000000 0.000000
vt -9.584625 8.794405
vt 0.000000 0.326081
vt 2.000000 0.326081
vt 0.000000 0.000000
vt -18.522026 -41.228436
vt 0.000000 0.326081
vt -2.000000 0.000000
vt 0.000000 0.000000
vt -9.448921 9.090906
vt 0.000000 0.240587
vt 2.000000 0.240587
vt 0.000000 0.000000
vt -18.652172 -41.026089
vt 0.000000 0.240587
vt -2.000000 0.000000
vt 0.000000 0.000000
vt -9.318775 9.293253
vt 0.000000 0.100231
vt 2.000000 0.100231
vt 0.000000 0.000000
vt -18.720837 -40.953072
vt 0.000000 0.100231
vt -2.000000 0.000000
vt 0.000000 0.000000
vt -9.250111 9.366270
vt 0.000000 0.093804
vt 2.000000 0.093804
vt 0.000000 0.000000
vt -18.794006 -40.894375
vt 0.000000 0.093804
vt 2.000000 0.000000
vt 0.000000 0.000000
vt -9.176941 9.424967
vt -0.000000 -0.181616
vt -2.000000 -0.181616
vt 0.000000 0.000000
vt -18.953903 -40.808250
vt -0.000000 -0.181616
vt 2.000000 0.000000
vt 0.000000 0.000000
vt -9.017044 9.511091
vt -0.000000 -0.343883
vt -2.000000 -0.343883
vt 0.000000 0.000000
vt -19.285278 -40.716347
vt -0.000000 -0.343883
vt 2.000000 0.000000
vt 0.000000 0.000000
vt -8.685669 9.602995
vt -0.000000 -0.169828
vt -2.000000 -0.169828
vt 0.000000 0.000000
vt -19.454906 -40.708118
vt -0.000000 -0.169828
vt 2.000000 0.000000
vt 0.000000 0.000000
vt -8.516041 9.611223
vt -0.000000 -0.216693
vt -2.000000 -0.216693
vt 0.000000 0.000000
vt -19.669792 -40.736050
vt -0.000000 -0.216693
vt 2.000000 0.000000
vt 0.000000 0.000000
vt -8.301155 9.583292
vt -0.000000 -0.317149
vt -2.000000 -0.317149
vt 0.000000 0.000000
vt -19.978252 -40.809776
vt -0.000000 -0.317149
vt 2.000000 0.000000
vt 0.000000 0.000000
vt -7.992695 9.509565
vt -0.000000 -0.207782
vt -2.000000 -0.207782
vt 0.000000 0.000000
vt -20.178566 -40.864983
vt -0.000000 -0.207782
vt 2.000000 0.000000
vt 0.000000 0.000000
vt -7.792381 9.454359
vt -0.000000 -0.242316
vt -2.000000 -0.242316
vt 0.000000 0.000000
vt -20.411518 -40.931694
vt -0.000000 -0.242316
vt 2.000000 0.000000
vt 0.000000 0.000000
vt -7.559429 9.387648
vt -0.000000 -0.580282
vt -2.000000 -0.580282
vt 0.000000 0.000000
vt -20.968719 -41.093723
vt -0.000000 -0.580282
vt 2.000000 0.000000
vt 0.000000 0.000000
vt -7.002228 9.225618
vt -0.000000 -0.678349
vt -2.000000 -0.678349
vt 0.000000 0.000000
vt -21.620876 -41.280403
vt -0.000000 -0.678349
vt 2.000000 0.000000
vt 0.000000 0.000000
vt -6.350071 9.038939
vt -0.000000 -1.438355
vt -2.000000 -1.438355
vt 0.000000 0.000000
vt -23.008755 -41.658104
vt -0.000000 -1.438355
vt 2.000000 0.000000
vt 0.000000 0.000000
vt -4.962193 8.661238
vt -0.000000 -0.642185
vt -2.000000 -0.642185
vt 0.000000 0.000000
vt -23.628853 -41.825077
vt -0.000000 -0.642185
vt 2.000000 0.000000
vt 0.000000 0.000000
vt -4.342094 8.494265
vt -0.000000 -0.279314
vt -2.000000 -0.279314
vt 0.000000 0.000000
vt -23.897194 -41.902596
vt -0.000000 -0.279314
vt 2.000000 0.000000
vt 2.000000 0.245880
vt -4.073753 8.416746
vt -0.000000 -0.626547
vt -2.000000 -0.626547
vt 0.000000 0.000000
vt -31.730103 -11.729973
vt 0.000000 0.000000
vt 2.000000 0.000000
vt 3.180023 38.828465
vt -0.000000 -0.612708
vt 0.000000 0.000000
vt -31.150970 -11.490875
vt -0.000000 -0.626547
vt 2.000000 0.000000
vt 0.000000 0.000000
vt 3.759155 38.589371
vt -0.000000 -0.289833
vt -2.000000 -0.289833
vt 0.000000 0.000000
vt -31.990845 -11.856529
vt -0.000000 -0.289833
vt 2.000000 0.000000
vt 0.000000 0.000000
vt 4.019897 38.462811
vt -0.000000 -0.251496
vt -2.000000 -0.251496
vt 0.000000 0.000000
vt -32.210751 -11.978561
vt -0.000000 -0.251496
vt 2.000000 0.000000
vt 0.000000 0.000000
vt 4.239803 38.340778
vt -0.000000 -0.203785
vt -2.000000 -0.203785
vt 0.000000 0.000000
vt -32.378407 -12.094406
vt -0.000000 -0.203785
vt 2.000000 0.000000
vt 0.000000 0.000000
vt 4.407459 38.224937
vt -0.000000 -0.162245
vt -2.000000 -0.162245
vt 0.000000 0.000000
vt -32.492310 -12.209946
vt -0.000000 -0.162245
vt 2.000000 0.000000
vt 0.000000 0.000000
vt 4.521362 38.109398
vt -0.000000 -0.072826
vt -2.000000 -0.072826
vt 0.000000 0.000000
vt -32.531601 -12.271263
vt -0.000000 -0.072826
vt 2.000000 0.000000
vt 0.000000 0.000000
vt 4.560654 38.048080
vt -0.000000 -0.072236
vt -2.000000 -0.072236
vt 0.000000 0.000000
vt -32.561348 -12.337090
vt -0.000000 -0.072236
vt 2.000000 0.000000
vt 0.000000 0.000000
vt 4.590401 37.982250
vt -0.000000 -0.154278
vt -2.000000 -0.154278
vt 0.000000 0.000000
vt -32.599392 -12.486603
vt -0.000000 -0.154278
vt 2.000000 0.000000
vt 0.000000 0.000000
vt 4.628445 37.832741
vt -0.000000 -0.367539
vt -2.000000 -0.367539
vt 0.000000 0.000000
vt -32.627598 -12.853058
vt -0.000000 -0.367539
vt 2.000000 0.000000
vt 0.000000 0.000000
vt 4.656651 37.466286
vt 0.000000 -0.413778
vt -2.000000 -0.413778
vt 0.000000 0.000000
vt -32.621624 -13.266792
vt 0.000000 -0.413778
vt 2.000000 0.000000
vt 0.000000 0.000000
vt 4.650677 37.052547
vt 0.000000 -0.232081
vt -2.000000 -0.232081
vt 0.000000 0.000000
vt -32.602055 -13.498047
vt 0.000000 -0.232081
vt 2.000000 0.000000
vt 0.000000 0.000000
vt 4.631107 36.821297
vt 0.000000 -0.273825
vt -2.000000 -0.273825
vt 0.000000 0.000000
vt -32.563915 -13.769203
vt 0.000000 -0.273825
vt 2.000000 0.000000
vt 0.000000 0.000000
vt 4.592968 36.550137
vt 0.000000 -0.341455
vt -2.000000 -0.341455
vt 0.000000 0.000000
vt -32.500237 -14.104668
vt 0.000000 -0.341455
vt 2.000000 0.000000
vt 0.000000 0.000000
vt 4.529289 36.214676
vt 0.000000 -0.434498
vt -2.000000 -0.434498
vt 0.000000 0.000000
vt -32.404503 -14.528488
vt 0.000000 -0.434498
vt 2.000000 0.000000
vt 0.000000 0.000000
vt 4.433556 35.790855
vt 0.000000 -0.547745
vt -2.000000 -0.547745
vt 0.000000 0.000000
vt -32.271824 -15.059921
vt 0.000000 -0.547745
vt 2.000000 0.000000
vt 0.000000 0.000000
vt 4.300877 35.259418
vt 0.000000 -0.673991
vt -2.000000 -0.673991
vt 0.000000 0.000000
vt -32.099411 -15.711487
vt 0.000000 -0.673991
vt 2.000000 0.000000
vt 0.000000 0.000000
vt 4.128464 34.607857
vt 0.000000 -0.806521
vt -2.000000 -0.806521
vt 0.000000 0.000000
vt -31.886436 -16.489380
vt 0.000000 -0.806521
vt 2.000000 0.000000
vt 0.000000 0.000000
vt 3.915489 33.829964
vt 0.000000 -0.939324
vt -2.000000 -0.939324
vt 0.000000 0.000000
vt -31.633789 -17.394089
vt 0.000000 -0.939324
vt 2.000000 0.000000
vt 0.000000 0.000000
vt 3.662842 32.925255
vt 0.000000 -1.067095
vt -2.000000 -1.067095
vt 0.000000 0.000000
vt -31.343864 -18.421043
vt 0.000000 -1.067095
vt 2.000000 0.000000
vt 0.000000 0.000000
vt 3.372917 31.898298
vt 0.000000 -1.185238
vt -2.000000 -1.185238
vt 0.000000 0.000000
vt -31.020340 -19.561272
vt 0.000000 -1.185238
vt 2.000000 0.000000
vt 0.000000 0.000000
vt 3.049393 30.758070
vt 0.000000 -1.289812
vt -2.000000 -1.289812
vt 0.000000 0.000000
vt -30.667953 -20.802013
vt 0.000000 -1.289812
vt 2.000000 0.000000
vt 0.000000 0.000000
vt 2.697006 29.517328
vt 0.000000 -1.377591
vt -2.000000 -1.377591
vt 0.000000 0.000000
vt -30.292267 -22.127388
vt 0.000000 -1.377591
vt 2.000000 0.000000
vt 0.000000 0.000000
vt 2.321320 28.191954
vt 0.000000 -1.446005
vt -2.000000 -1.446005
vt 0.000000 0.000000
vt -29.899456 -23.519016
vt 0.000000 -1.446005
vt 2.000000 0.000000
vt 0.000000 0.000000
vt 1.928509 26.800325
vt 0.000000 -1.493159
vt -2.000000 -1.493159
vt 0.000000 0.000000
vt -29.496094 -24.956661
vt 0.000000 -1.493159
vt 2.000000 0.000000
vt 0.000000 0.000000
vt 1.525146 25.362680
vt 0.000000 -3.037361
vt -2.000000 -3.037361
vt 0.000000 0.000000
vt -28.684566 -27.883602
vt 0.000000 -3.037361
vt 2.000000 0.000000
vt 0.000000 0.000000
vt 0.713619 22.435740
vt 0.000000 -1.498303
vt -2.000000 -1.498303
vt 0.000000 0.000000
vt -28.289478 -29.328876
vt 0.000000 -1.498303
vt 2.000000 0.000000
vt 0.000000 0.000000
vt 0.318531 20.990465
vt 0.000000 -1.455010
vt -2.000000 -1.455010
vt 0.000000 0.000000
vt -27.909531 -30.733402
vt 0.000000 -1.455010
vt 2.000000 0.000000
vt 0.000000 0.000000
vt -0.061417 19.585939
vt 0.000000 -1.391103
vt -2.000000 -1.391103
vt 0.000000 0.000000
vt -27.549892 -32.077213
vt 0.000000 -1.391103
vt 2.000000 0.000000
vt 0.000000 0.000000
vt -0.421055 18.242128
vt 0.000000 -1.308730
vt -2.000000 -1.308730
vt 0.000000 0.000000
vt -27.214794 -33.342316
vt 0.000000 -1.308730
vt 2.000000 0.000000
vt 0.000000 0.000000
vt -0.756153 16.977026
vt 0.000000 -1.210698
vt -2.000000 -1.210698
vt 0.000000 0.000000
vt -26.907284 -34.513309
vt 0.000000 -1.210698
vt 2.000000 0.000000
vt 0.000000 0.000000
vt -1.063663 15.806032
vt 0.000000 -1.100492
vt -2.000000 -1.100492
vt 0.000000 0.000000
vt -26.629025 -35.578041
vt 0.000000 -1.100492
vt 2.000000 0.000000
vt 0.000000 0.000000
vt -1.341923 14.741301
vt 0.000000 -0.982240
vt -2.000000 -0.982240
vt 0.000000 0.000000
vt -26.380077 -36.528210
vt 0.000000 -0.982240
vt 2.000000 0.000000
vt 0.000000 0.000000
vt -1.590870 13.791132
vt 0.000000 -0.860296
vt -2.000000 -0.860296
vt 0.000000 0.000000
vt -26.158916 -37.359592
vt 0.000000 -0.860296
vt 2.000000 0.000000
vt 0.000000 0.000000
vt -1.812031 12.959749
vt 0.000000 -0.738706
vt -2.000000 -0.738706
vt 0.000000 0.000000
vt -25.962742 -38.071774
vt 0.000000 -0.738706
vt 2.000000 0.000000
vt 0.000000 0.000000
vt -2.008205 12.247568
vt 0.000000 -0.621091
vt -2.000000 -0.621091
vt 0.000000 0.000000
vt -25.787876 -38.667740
vt 0.000000 -0.621091
vt 2.000000 0.000000
vt 0.000000 0.000000
vt -2.183071 11.651602
vt 0.000000 -0.510722
vt -2.000000 -0.510722
vt 0.000000 0.000000
vt -25.630123 -39.153488
vt 0.000000 -0.510722
vt 2.000000 0.000000
vt 0.000000 0.000000
vt -2.340824 11.165854
vt 0.000000 -0.410591
vt -2.000000 -0.410591
vt 0.000000 0.000000
vt -25.485157 -39.537636
vt 0.000000 -0.410591
vt 2.000000 0.000000
vt 0.000000 0.000000
vt -2.485790 10.781706
vt 0.000000 -0.323482
vt -2.000000 -0.323482
vt 0.000000 0.000000
vt -25.348915 -39.831028
vt 0.000000 -0.323482
vt 2.000000 0.000000
vt 0.000000 0.000000
vt -2.622032 10.488314
vt 0.000000 -0.251996
vt -2.000000 -0.251996
vt 0.000000 0.000000
vt -25.217968 -40.046329
vt 0.000000 -0.251996
vt 2.000000 0.000000
vt 0.000000 0.000000
vt -2.752979 10.273012
vt 0.000000 -0.198245
vt -2.000000 -0.198245
vt 0.000000 0.000000
vt -25.089890 -40.197647
vt 0.000000 -0.198245
vt 2.000000 0.000000
vt 0.000000 0.000000
vt -2.881058 10.121695
vt 0.000000 -0.162659
vt -2.000000 -0.162659
vt 0.000000 0.000000
vt -24.963482 -40.300014
vt 0.000000 -0.162659
vt -2.000000 0.000000
vt 0.000000 0.000000
vt -3.007465 10.019327
vt 0.000000 0.143202
vt 2.000000 0.143202
vt 0.000000 0.000000
vt -24.837307 -40.367741
vt 0.000000 0.143202
vt -2.000000 0.000000
vt 0.000000 0.000000
vt -3.133640 9.951601
vt 0.000000 0.138369
vt 2.000000 0.138369
vt 0.000000 0.000000
vt -24.705933 -40.411179
vt 0.000000 0.138369
vt -2.000000 0.000000
vt 0.000000 0.000000
vt -3.265015 9.908163
vt 0.000000 0.150965
vt 2.000000 0.150965
vt 0.000000 0.000000
vt -24.556683 -40.433872
vt 0.000000 0.150965
vt -2.000000 0.000000
vt 0.000000 0.000000
vt -3.414265 9.885469
vt 0.000000 0.185503
vt 2.000000 0.185503
vt 0.000000 0.000000
vt -24.371181 -40.433064
vt 0.000000 0.185503
vt -2.000000 0.000000
vt 0.000000 0.000000
vt -3.599766 9.886278
vt 0.000000 0.241049
vt 2.000000 0.241049
vt 0.000000 0.000000
vt -24.131924 -40.403732
vt 0.000000 0.241049
vt -2.000000 0.000000
vt 0.000000 0.000000
vt -3.839024 9.915609
vt 0.000000 0.308023
vt 2.000000 0.308023
vt 0.000000 0.000000
vt -23.829865 -40.343410
vt 0.000000 0.308023
vt -2.000000 0.000000
vt 0.000000 0.000000
vt -4.141083 9.975931
vt 0.000000 0.372873
vt 2.000000 0.372873
vt 0.000000 0.000000
vt -23.467758 -40.254456
vt 0.000000 0.372873
vt -2.000000 0.000000
vt 0.000000 0.000000
vt -4.503189 10.064886
vt 0.000000 0.424493
vt 2.000000 0.424493
vt 0.000000 0.000000
vt -23.058079 -40.143291
vt 0.000000 0.424493
vt -2.000000 0.000000
vt 0.000000 0.000000
vt -4.912868 10.176050
vt 0.000000 0.921115
vt 2.000000 0.921115
vt 0.000000 0.000000
vt -22.172421 -39.890186
vt 0.000000 0.921115
vt -2.000000 0.000000
vt 0.000000 0.000000
vt -5.798527 10.429155
vt 0.000000 0.877762
vt 2.000000 0.877762
vt 0.000000 0.000000
vt -21.327496 -39.652348
vt 0.000000 0.877762
vt -2.000000 0.000000
vt 0.000000 0.000000
vt -6.643452 10.666994
vt 0.000000 0.389912
vt 2.000000 0.389912
vt 0.000000 0.000000
vt -20.951118 -39.550507
vt 0.000000 0.389912
vt -2.000000 0.000000
vt 0.000000 0.000000
vt -7.019829 10.768835
vt 0.000000 0.355235
vt 2.000000 0.355235
vt 0.000000 0.000000
vt -20.608002 -39.458511
vt 0.000000 0.355235
vt -2.000000 0.000000
vt 0.000000 0.000000
vt -7.362946 10.860830
vt 0.000000 0.625930
vt 2.000000 0.625930
vt 0.000000 0.000000
vt -20.007286 -39.282646
vt 0.000000 0.625930
vt -2.000000 0.000000
vt 0.000000 0.000000
vt -7.963661 11.036695
vt 0.000000 0.537998
vt 2.000000 0.537998
vt 0.000000 0.000000
vt -19.512260 -39.071953
vt 0.000000 0.537998
vt -2.000000 0.000000
vt 0.000000 0.000000
vt -8.458687 11.247389
vt 0.000000 0.233600
vt 2.000000 0.233600
vt 0.000000 0.000000
vt -19.320438 -38.938637
vt 0.000000 0.233600
vt -2.000000 0.000000
vt 0.000000 0.000000
vt -8.650509 11.380705
vt 0.000000 0.107335
vt 2.000000 0.107335
vt 0.000000 0.000000
vt -19.243629 -38.863663
vt 0.000000 0.107335
vt -2.000000 0.000000
vt 0.000000 0.000000
vt -8.727318 11.455679
vt 0.000000 0.101836
vt 2.000000 0.101836
vt 0.000000 0.000000
vt -19.181156 -38.783241
vt 0.000000 0.101836
vt -2.000000 0.000000
vt 0.000000 0.000000
vt -8.789791 11.536100
vt 0.000000 0.097799
vt 2.000000 0.097799
vt 0.000000 0.000000
vt -19.133503 -38.697838
vt 0.000000 0.097799
vt -2.000000 0.000000
vt 0.000000 0.000000
vt -8.837444 11.621504
vt 0.000000 0.095469
vt 2.000000 0.095469
vt 0.000000 0.000000
vt -19.100368 -38.608303
vt 0.000000 0.095469
vt -2.000000 0.000000
vt 0.000000 0.000000
vt -8.870579 11.711039
vt 0.000000 0.188687
vt 2.000000 0.188687
vt 0.000000 0.000000
vt -19.072430 -38.421696
vt 0.000000 0.188687
vt -2.000000 0.000000
vt 0.000000 0.000000
vt -8.898518 11.897646
vt 0.000000 0.370644
vt 2.000000 0.370644
vt 0.000000 0.000000
vt -19.104488 -38.052441
vt 0.000000 0.370644
vt -2.000000 0.000000
vt 0.000000 0.000000
vt -8.866459 12.266901
vt 0.000000 0.378753
vt 2.000000 0.378753
vt 0.000000 0.000000
vt -19.154224 -37.676968
vt 0.000000 0.378753
vt -2.000000 0.000000
vt 0.000000 0.000000
vt -8.816723 12.642374
vt 0.000000 0.242357
vt 2.000000 0.242357
vt 0.000000 0.000000
vt -19.184551 -37.436516
vt 0.000000 0.242357
vt -2.000000 0.000000
vt 0.000000 0.000000
vt -8.786396 12.882826
vt 0.000000 0.318657
vt 2.000000 0.318657
vt 0.000000 0.000000
vt -19.232552 -37.121494
vt 0.000000 0.318657
vt -2.000000 0.000000
vt 0.000000 0.000000
vt -8.738396 13.197847
vt 0.000000 0.420588
vt 2.000000 0.420588
vt 0.000000 0.000000
vt -19.309372 -36.707981
vt 0.000000 0.420588
vt -2.000000 0.000000
vt 0.000000 0.000000
vt -8.661575 13.611361
vt 0.000000 0.536840
vt 2.000000 0.536840
vt 0.000000 0.000000
vt -19.422272 -36.183147
vt 0.000000 0.536840
vt -2.000000 0.000000
vt 0.000000 0.000000
vt -8.548676 14.136194
vt 0.000000 0.655656
vt 2.000000 0.655656
vt 0.000000 0.000000
vt -19.574173 -35.545330
vt 0.000000 0.655656
vt -2.000000 0.000000
vt 0.000000 0.000000
vt -8.396774 14.774012
vt 0.000000 0.767062
vt 2.000000 0.767062
vt 0.000000 0.000000
vt -19.764313 -34.802208
vt 0.000000 0.767062
vt -2.000000 0.000000
vt 0.000000 0.000000
vt -8.206635 15.517134
vt 0.000000 0.862970
vt 2.000000 0.862970
vt 0.000000 0.000000
vt -19.988903 -33.968975
vt 0.000000 0.862970
vt -2.000000 0.000000
vt 0.000000 0.000000
vt -7.982044 16.350367
vt 0.000000 0.937189
vt 2.000000 0.937189
vt 0.000000 0.000000
vt -20.241768 -33.066544
vt 0.000000 0.937189
vt -2.000000 0.000000
vt 0.000000 0.000000
vt -7.729179 17.252798
vt 0.000000 1.990907
vt 2.000000 1.990907
vt 0.000000 0.000000
vt -20.799667 -31.155403
vt 0.000000 1.990907
vt -2.000000 0.000000
vt 0.000000 0.000000
vt -7.171280 19.163939
vt 0.000000 0.996741
vt 2.000000 0.996741
vt 0.000000 0.000000
vt -21.086323 -30.200771
vt 0.000000 0.996741
vt -2.000000 0.000000
vt 0.000000 0.000000
vt -6.884624 20.118570
vt 0.000000 0.960856
vt 2.000000 0.960856
vt 0.000000 0.000000
vt -21.365818 -29.281464
vt 0.000000 0.960856
vt -2.000000 0.000000
vt 0.000000 0.000000
vt -6.605129 21.037878
vt 0.000000 0.901218
vt 2.000000 0.901218
vt 0.000000 0.000000
vt -21.629856 -28.419792
vt 0.000000 0.901218
vt -2.000000 0.000000
vt 0.000000 0.000000
vt -6.341091 21.899549
vt 0.000000 0.823214
vt 2.000000 0.823214
vt 0.000000 0.000000
vt -21.871662 -27.632893
vt 0.000000 0.823214
vt -2.000000 0.000000
vt 0.000000 0.000000
vt -6.099285 22.686449
vt 0.000000 0.734126
vt 2.000000 0.734126
vt 0.000000 0.000000
vt -22.086658 -26.930954
vt 0.000000 0.734126
vt -2.000000 0.000000
vt 0.000000 0.000000
vt -5.884289 23.388388
vt 0.000000 0.642876
vt 2.000000 0.642876
vt 0.000000 0.000000
vt -22.272991 -26.315674
vt 0.000000 0.642876
vt -2.000000 0.000000
vt 0.000000 0.000000
vt -5.697956 24.003668
vt 0.000000 0.558139
vt 2.000000 0.558139
vt 0.000000 0.000000
vt -22.431530 -25.780525
vt 0.000000 0.558139
vt -2.000000 0.000000
vt 0.000000 0.000000
vt -5.539417 24.538816
vt 0.000000 0.486705
vt 2.000000 0.486705
vt 0.000000 0.000000
vt -22.565353 -25.312580
vt 0.000000 0.486705
vt -2.000000 0.000000
vt 0.000000 0.000000
vt -5.405594 25.006762
vt 0.000000 0.833749
vt 2.000000 0.833749
vt 0.000000 0.000000
vt -22.778721 -24.506596
vt 0.000000 0.833749
vt -2.000000 0.000000
vt 0.000000 0.000000
vt -5.192226 25.812746
vt 0.000000 0.785534
vt 2.000000 0.785534
vt 0.000000 0.000000
vt -22.959965 -23.742256
vt 0.000000 0.785534
vt -2.000000 0.000000
vt 0.000000 0.000000
vt -5.010983 26.577085
vt 0.000000 0.420389
vt 2.000000 0.420389
vt 0.000000 0.000000
vt -23.053284 -23.332355
vt 0.000000 0.420389
vt -2.000000 0.000000
vt 0.000000 0.000000
vt -4.917664 26.986986
vt 0.000000 0.454692
vt 2.000000 0.454692
vt 0.000000 0.000000
vt -23.154602 -22.889095
vt 0.000000 0.454692
vt -2.000000 0.000000
vt 0.000000 0.000000
vt -4.816345 27.430246
vt 0.000000 0.494438
vt 2.000000 0.494438
vt 0.000000 0.000000
vt -23.267059 -22.407616
vt 0.000000 0.494438
vt -2.000000 0.000000
vt 0.000000 0.000000
vt -4.703888 27.911726
vt 0.000000 0.535303
vt 2.000000 0.535303
vt 0.000000 0.000000
vt -23.392628 -21.887249
vt 0.000000 0.535303
vt -2.000000 0.000000
vt 0.000000 0.000000
vt -4.578320 28.432093
vt 0.000000 0.573764
vt 2.000000 0.573764
vt 0.000000 0.000000
vt -23.532196 -21.330719
vt 0.000000 0.573764
vt -2.000000 0.000000
vt 0.000000 0.000000
vt -4.438751 28.988623
vt 0.000000 0.607124
vt 2.000000 0.607124
vt 0.000000 0.000000
vt -23.685623 -20.743301
vt 0.000000 0.607124
vt -2.000000 0.000000
vt 0.000000 0.000000
vt -4.285324 29.576040
vt 0.000000 1.285351
vt 2.000000 1.285351
vt 0.000000 0.000000
vt -24.028793 -19.504608
vt 0.000000 1.285351
vt -2.000000 0.000000
vt 0.000000 0.000000
vt -3.942154 30.814734
vt 0.000000 2.634120
vt 2.000000 2.634120
vt 0.000000 0.000000
vt -24.778942 -16.979561
vt 0.000000 2.634120
vt -2.000000 0.000000
vt 0.000000 0.000000
vt -3.192005 33.339783
vt 0.000000 1.247610
vt 2.000000 1.247610
vt 0.000000 0.000000
vt -25.124344 -15.780716
vt 0.000000 1.247610
vt -2.000000 0.000000
vt 0.000000 0.000000
vt -2.846603 34.538628
vt 0.000000 1.157284
vt 2.000000 1.157284
vt 0.000000 0.000000
vt -25.419708 -14.661758
vt 0.000000 1.157284
vt -2.000000 0.000000
vt 0.000000 0.000000
vt -2.551239 35.657581
vt 0.000000 1.045936
vt 2.000000 1.045936
vt 0.000000 0.000000
vt -25.671844 -13.646667
vt 0.000000 1.045936
vt -2.000000 0.000000
vt 0.000000 0.000000
vt -2.299103 36.672672
vt 0.000000 0.475654
vt 2.000000 0.475654
vt 0.000000 0.000000
vt -25.794628 -13.187134
vt 0.000000 0.475654
vt -2.000000 0.000000
vt 0.000000 0.000000
vt -2.176319 37.132210
vt 0.000000 0.441933
vt 2.000000 0.441933
vt 0.000000 0.000000
vt -25.928101 -12.765839
vt 0.000000 0.441933
vt -2.000000 0.000000
vt 0.000000 0.000000
vt -2.042847 37.553501
vt 0.000000 0.408984
vt 2.000000 0.408984
vt 0.000000 0.000000
vt -26.084534 -12.387955
vt 0.000000 0.408984
vt -2.000000 0.000000
vt 0.000000 0.000000
vt -1.886414 37.931389
vt 0.000000 0.381264
vt 2.000000 0.381264
vt 0.000000 0.000000
vt -26.276138 -12.058334
vt 0.000000 0.381264
vt -2.000000 0.000000
vt 0.000000 0.000000
vt -1.694809 38.261005
vt 0.000000 0.365002
vt 2.000000 0.365002
vt 0.000000 0.000000
vt -26.513134 -11.780739
vt 0.000000 0.365002
vt -2.000000 0.000000
vt 0.000000 0.000000
vt -1.457813 38.538605
vt 0.000000 0.365141
vt 2.000000 0.365141
vt 0.000000 0.000000
vt -26.801826 -11.557167
vt 0.000000 0.365141
vt 2.000000 0.000000
vt 0.000000 0.000000
vt -1.169121 38.762177
vt -0.000000 -0.380882
vt -2.000000 -0.380882
vt 0.000000 0.000000
vt -27.142628 -11.387093
vt -0.000000 -0.380882
vt 2.000000 0.000000
vt 0.000000 0.000000
vt -0.828320 38.932247
vt -0.000000 -0.404284
vt -2.000000 -0.404284
vt 0.000000 0.000000
vt -27.528660 -11.266991
vt -0.000000 -0.404284
vt 2.000000 0.000000
vt 0.000000 0.000000
vt -0.442287 39.052353
vt -0.000000 -0.424799
vt -2.000000 -0.424799
vt 0.000000 0.000000
vt -27.946548 -11.190681
vt -0.000000 -0.424799
vt 2.000000 0.000000
vt 0.000000 0.000000
vt -0.024399 39.128658
vt -0.000000 -0.434530
vt -2.000000 -0.434530
vt 0.000000 0.000000
vt -28.379208 -11.150398
vt -0.000000 -0.434530
vt 2.000000 0.000000
vt 0.000000 0.000000
vt 0.408260 39.168941
vt -0.000000 -0.839875
vt -2.000000 -0.839875
vt 0.000000 0.000000
vt -29.219070 -11.145844
vt -0.000000 -0.839875
vt 2.000000 0.000000
vt 0.000000 0.000000
vt 1.248123 39.173496
vt -0.000000 -0.380956
vt -2.000000 -0.380956
vt 0.000000 0.000000
vt -29.599354 -11.168480
vt -0.000000 -0.380956
vt 2.000000 0.000000
vt 0.000000 0.000000
vt 1.628407 39.150864
vt -0.000000 -0.348582
vt -2.000000 -0.348582
vt 0.000000 0.000000
vt -29.946205 -11.203171
vt -0.000000 -0.348582
vt 2.000000 0.000000
vt 0.000000 0.000000
vt 1.975258 39.116173
vt -0.000000 -0.628158
vt -2.000000 -0.628158
vt 0.000000 0.000000
vt -30.564739 -11.312706
vt -0.000000 -0.628158
vt 2.000000 0.000000
vt 2.000000 0.612708
vt 2.593792 39.006638
vt -0.000000 -0.772930
vt -2.000000 -0.772930
vt 0.000000 0.000000
vt -37.702484 -14.317581
vt 0.000000 0.000000
vt 2.000000 0.000000
vt 9.092342 36.436333
vt -0.000000 -0.689203
vt 0.000000 0.000000
vt -37.063290 -13.883011
vt -0.000000 -0.772930
vt 2.000000 0.000000
vt 0.000000 0.000000
vt 9.731537 36.001759
vt -0.000000 -0.858724
vt -2.000000 -0.858724
vt 0.000000 0.000000
vt -38.388073 -14.834663
vt -0.000000 -0.858724
vt 2.000000 0.000000
vt 0.000000 0.000000
vt 10.417126 35.484676
vt -0.000000 -0.932347
vt -2.000000 -0.932347
vt 0.000000 0.000000
vt -39.110378 -15.424194
vt -0.000000 -0.932347
vt 2.000000 0.000000
vt 0.000000 0.000000
vt 11.139431 34.895145
vt -0.000000 -0.993028
vt -2.000000 -0.993028
vt 0.000000 0.000000
vt -39.854000 -16.082321
vt -0.000000 -0.993028
vt 2.000000 0.000000
vt 0.000000 0.000000
vt 11.883053 34.237019
vt -0.000000 -1.050725
vt -2.000000 -1.050725
vt 0.000000 0.000000
vt -40.603226 -16.818993
vt -0.000000 -1.050725
vt 2.000000 0.000000
vt 0.000000 0.000000
vt 12.632278 33.500347
vt -0.000000 -1.111846
vt -2.000000 -1.111846
vt 0.000000 0.000000
vt -41.342628 -17.649345
vt -0.000000 -1.111846
vt 2.000000 0.000000
vt 0.000000 0.000000
vt 13.371681 32.669994
vt -0.000000 -1.168271
vt -2.000000 -1.168271
vt 0.000000 0.000000
vt -42.054783 -18.575462
vt -0.000000 -1.168271
vt 2.000000 0.000000
vt 0.000000 0.000000
vt 14.083836 31.743879
vt -0.000000 -1.193441
vt -2.000000 -1.193441
vt 0.000000 0.000000
vt -42.717892 -19.567726
vt -0.000000 -1.193441
vt 2.000000 0.000000
vt 0.000000 0.000000
vt 14.746944 30.751616
vt -0.000000 -1.149239
vt -2.000000 -1.149239
vt 0.000000 0.000000
vt -43.305401 -20.555443
vt -0.000000 -1.149239
vt 2.000000 0.000000
vt 0.000000 0.000000
vt 15.334454 29.763899
vt -0.000000 -0.531270
vt -2.000000 -0.531270
vt 0.000000 0.000000
vt -43.562908 -21.020134
vt -0.000000 -0.531270
vt 2.000000 0.000000
vt 0.000000 0.000000
vt 15.591961 29.299208
vt -0.000000 -0.490346
vt -2.000000 -0.490346
vt 0.000000 0.000000
vt -43.793415 -21.452923
vt -0.000000 -0.490346
vt 2.000000 0.000000
vt 0.000000 0.000000
vt 15.822468 28.866419
vt -0.000000 -0.444494
vt -2.000000 -0.444494
vt 0.000000 0.000000
vt -43.996319 -21.848404
vt -0.000000 -0.444494
vt 2.000000 0.000000
vt 0.000000 0.000000
vt 16.025372 28.470938
vt -0.000000 -0.398848
vt -2.000000 -0.398848
vt 0.000000 0.000000
vt -44.172672 -22.206146
vt -0.000000 -0.398848
vt 2.000000 0.000000
vt 0.000000 0.000000
vt 16.201725 28.113195
vt -0.000000 -0.696020
vt -2.000000 -0.696020
vt 0.000000 0.000000
vt -44.460453 -22.839886
vt -0.000000 -0.696020
vt 2.000000 0.000000
vt 0.000000 0.000000
vt 16.489506 27.479456
vt -0.000000 -0.680688
vt -2.000000 -0.680688
vt 0.000000 0.000000
vt -44.702969 -23.475906
vt -0.000000 -0.680688
vt 2.000000 0.000000
vt 0.000000 0.000000
vt 16.732021 26.843435
vt -0.000000 -0.389187
vt -2.000000 -0.389187
vt 0.000000 0.000000
vt -44.824154 -23.845745
vt -0.000000 -0.389187
vt 2.000000 0.000000
vt 0.000000 0.000000
vt 16.853207 26.473597
vt -0.000000 -0.447079
vt -2.000000 -0.447079
vt 0.000000 0.000000
vt -44.952053 -24.274139
vt -0.000000 -0.447079
vt 2.000000 0.000000
vt 0.000000 0.000000
vt 16.981106 26.045202
vt -0.000000 -0.516438
vt -2.000000 -0.516438
vt 0.000000 0.000000
vt -45.088505 -24.772224
vt -0.000000 -0.516438
vt 2.000000 0.000000
vt 0.000000 0.000000
vt 17.117558 25.547117
vt -0.000000 -0.589873
vt -2.000000 -0.589873
vt 0.000000 0.000000
vt -45.232433 -25.344269
vt -0.000000 -0.589873
vt 2.000000 0.000000
vt 0.000000 0.000000
vt 17.261486 24.975073
vt -0.000000 -0.660767
vt -2.000000 -0.660767
vt 0.000000 0.000000
vt -45.380238 -25.988293
vt -0.000000 -0.660767
vt 2.000000 0.000000
vt 0.000000 0.000000
vt 17.409290 24.331049
vt -0.000000 -0.723899
vt -2.000000 -0.723899
vt 0.000000 0.000000
vt -45.526592 -26.697243
vt -0.000000 -0.723899
vt 2.000000 0.000000
vt 0.000000 0.000000
vt 17.555645 23.622099
vt -0.000000 -0.775203
vt -2.000000 -0.775203
vt 0.000000 0.000000
vt -45.665012 -27.459988
vt -0.000000 -0.775203
vt 2.000000 0.000000
vt 0.000000 0.000000
vt 17.694065 22.859354
vt -0.000000 -0.811822
vt -2.000000 -0.811822
vt 0.000000 0.000000
vt -45.788517 -28.262360
vt -0.000000 -0.811822
vt 2.000000 0.000000
vt 0.000000 0.000000
vt 17.817570 22.056982
vt -0.000000 -1.667411
vt -2.000000 -1.667411
vt 0.000000 0.000000
vt -45.964405 -29.920467
vt -0.000000 -1.667411
vt 2.000000 0.000000
vt 0.000000 0.000000
vt 17.993458 20.398874
vt -0.000000 -0.822712
vt -2.000000 -0.822712
vt 0.000000 0.000000
vt -46.006306 -30.742111
vt -0.000000 -0.822712
vt 2.000000 0.000000
vt 0.000000 0.000000
vt 18.035358 19.577230
vt -0.000000 -0.795226
vt -2.000000 -0.795226
vt 0.000000 0.000000
vt -46.013615 -31.537304
vt -0.000000 -0.795226
vt 2.000000 0.000000
vt 0.000000 0.000000
vt 18.042667 18.782038
vt 0.000000 -0.755548
vt -2.000000 -0.755548
vt 0.000000 0.000000
vt -45.986744 -32.292374
vt 0.000000 -0.755548
vt 2.000000 0.000000
vt 0.000000 0.000000
vt 18.015797 18.026968
vt 0.000000 -0.706600
vt -2.000000 -0.706600
vt 0.000000 0.000000
vt -45.929073 -32.996616
vt 0.000000 -0.706600
vt 2.000000 0.000000
vt 0.000000 0.000000
vt 17.958126 17.322725
vt 0.000000 -0.651295
vt -2.000000 -0.651295
vt 0.000000 0.000000
vt -45.846371 -33.642639
vt 0.000000 -0.651295
vt 2.000000 0.000000
vt 0.000000 0.000000
vt 17.875423 16.676702
vt 0.000000 -0.592391
vt -2.000000 -0.592391
vt 0.000000 0.000000
vt -45.745792 -34.226429
vt 0.000000 -0.592391
vt 2.000000 0.000000
vt 0.000000 0.000000
vt 17.774845 16.092913
vt 0.000000 -0.532702
vt -2.000000 -0.532702
vt 0.000000 0.000000
vt -45.634823 -34.747444
vt 0.000000 -0.532702
vt 2.000000 0.000000
vt 0.000000 0.000000
vt 17.663876 15.571898
vt 0.000000 -0.475294
vt -2.000000 -0.475294
vt 0.000000 0.000000
vt -45.520321 -35.208740
vt 0.000000 -0.475294
vt 2.000000 0.000000
vt 0.000000 0.000000
vt 17.549374 15.110601
vt 0.000000 -0.423619
vt -2.000000 -0.423619
vt 0.000000 0.000000
vt -45.407482 -35.617054
vt 0.000000 -0.423619
vt 2.000000 0.000000
vt 0.000000 0.000000
vt 17.436535 14.702288
vt 0.000000 -0.381588
vt -2.000000 -0.381588
vt 0.000000 0.000000
vt -45.298878 -35.982861
vt 0.000000 -0.381588
vt 2.000000 0.000000
vt 0.000000 0.000000
vt 17.327930 14.336481
vt 0.000000 -0.698670
vt -2.000000 -0.698670
vt 0.000000 0.000000
vt -45.085552 -36.648167
vt 0.000000 -0.698670
vt 2.000000 0.000000
vt 0.000000 0.000000
vt 17.114605 13.671175
vt 0.000000 -0.357660
vt -2.000000 -0.357660
vt 0.000000 0.000000
vt -44.966763 -36.985523
vt 0.000000 -0.357660
vt 2.000000 0.000000
vt 0.000000 0.000000
vt 16.995815 13.333818
vt 0.000000 -0.392577
vt -2.000000 -0.392577
vt 0.000000 0.000000
vt -44.826511 -37.352192
vt 0.000000 -0.392577
vt 2.000000 0.000000
vt 0.000000 0.000000
vt 16.855564 12.967150
vt 0.000000 -0.447212
vt -2.000000 -0.447212
vt 0.000000 0.000000
vt -44.654316 -37.764923
vt 0.000000 -0.447212
vt 2.000000 0.000000
vt 0.000000 0.000000
vt 16.683369 12.554419
vt 0.000000 -0.516355
vt -2.000000 -0.516355
vt 0.000000 0.000000
vt -44.441357 -38.235317
vt 0.000000 -0.516355
vt 2.000000 0.000000
vt 0.000000 0.000000
vt 16.470409 12.084024
vt 0.000000 -0.591780
vt -2.000000 -0.591780
vt 0.000000 0.000000
vt -44.182240 -38.767353
vt 0.000000 -0.591780
vt 2.000000 0.000000
vt 0.000000 0.000000
vt 16.211292 11.551989
vt 0.000000 -0.663146
vt -2.000000 -0.663146
vt 0.000000 0.000000
vt -43.876270 -39.355694
vt 0.000000 -0.663146
vt 2.000000 0.000000
vt 0.000000 0.000000
vt 15.905323 10.963648
vt 0.000000 -0.720421
vt -2.000000 -0.720421
vt 0.000000 0.000000
vt -43.527607 -39.986122
vt 0.000000 -0.720421
vt 2.000000 0.000000
vt 0.000000 0.000000
vt 15.556660 10.333220
vt 0.000000 -0.756256
vt -2.000000 -0.756256
vt 0.000000 0.000000
vt -43.144238 -40.638004
vt 0.000000 -0.756256
vt 2.000000 0.000000
vt 0.000000 0.000000
vt 15.173290 9.681337
vt 0.000000 -1.514015
vt -2.000000 -1.514015
vt 0.000000 0.000000
vt -42.318180 -41.906811
vt 0.000000 -1.514015
vt 2.000000 0.000000
vt 0.000000 0.000000
vt 14.347233 8.412531
vt 0.000000 -0.703243
vt -2.000000 -0.703243
vt 0.000000 0.000000
vt -41.901241 -42.473125
vt 0.000000 -0.703243
vt 2.000000 0.000000
vt 0.000000 0.000000
vt 13.930294 7.846216
vt 0.000000 -0.635316
vt -2.000000 -0.635316
vt 0.000000 0.000000
vt -41.498962 -42.964855
vt 0.000000 -0.635316
vt 2.000000 0.000000
vt 0.000000 0.000000
vt 13.528015 7.354486
vt 0.000000 -0.550759
vt -2.000000 -0.550759
vt 0.000000 0.000000
vt -41.122829 -43.367172
vt 0.000000 -0.550759
vt 2.000000 0.000000
vt 0.000000 0.000000
vt 13.151882 6.952169
vt 0.000000 -0.458711
vt -2.000000 -0.458711
vt 0.000000 0.000000
vt -40.781876 -43.674038
vt 0.000000 -0.458711
vt 2.000000 0.000000
vt 0.000000 0.000000
vt 12.810928 6.645304
vt 0.000000 -0.370268
vt -2.000000 -0.370268
vt 0.000000 0.000000
vt -40.481686 -43.890797
vt 0.000000 -0.370268
vt -2.000000 0.000000
vt 0.000000 0.000000
vt 12.510738 6.428545
vt 0.000000 0.295355
vt 2.000000 0.295355
vt 0.000000 0.000000
vt -40.223209 -44.033710
vt 0.000000 0.295355
vt -2.000000 0.000000
vt 0.000000 0.000000
vt 12.252262 6.285631
vt 0.000000 0.239880
vt 2.000000 0.239880
vt 0.000000 0.000000
vt -40.001678 -44.125725
vt 0.000000 0.239880
vt -2.000000 0.000000
vt 0.000000 0.000000
vt 12.030731 6.193617
vt 0.000000 0.206374
vt 2.000000 0.206374
vt 0.000000 0.000000
vt -39.805420 -44.189545
vt 0.000000 0.206374
vt -2.000000 0.000000
vt 0.000000 0.000000
vt 11.834473 6.129797
vt 0.000000 0.415657
vt 2.000000 0.415657
vt 0.000000 0.000000
vt -39.400356 -44.282787
vt 0.000000 0.415657
vt -2.000000 0.000000
vt 0.000000 0.000000
vt 11.429409 6.036554
vt 0.000000 0.271931
vt 2.000000 0.271931
vt 0.000000 0.000000
vt -39.129662 -44.308685
vt 0.000000 0.271931
vt -2.000000 0.000000
vt 0.000000 0.000000
vt 11.158714 6.010656
vt 0.000000 0.360787
vt 2.000000 0.360787
vt 0.000000 0.000000
vt -38.768898 -44.304577
vt 0.000000 0.360787
vt -2.000000 0.000000
vt 0.000000 0.000000
vt 10.797951 6.014765
vt 0.000000 0.223852
vt 2.000000 0.223852
vt 0.000000 0.000000
vt -38.545773 -44.286552
vt 0.000000 0.223852
vt -2.000000 0.000000
vt 0.000000 0.000000
vt 10.574825 6.032789
vt 0.000000 0.257060
vt 2.000000 0.257060
vt 0.000000 0.000000
vt -38.290577 -44.255646
vt 0.000000 0.257060
vt -2.000000 0.000000
vt 0.000000 0.000000
vt 10.319630 6.063696
vt 0.000000 0.292369
vt 2.000000 0.292369
vt 0.000000 0.000000
vt -38.001698 -44.210609
vt 0.000000 0.292369
vt -2.000000 0.000000
vt 0.000000 0.000000
vt 10.030750 6.108732
vt 0.000000 0.328695
vt 2.000000 0.328695
vt 0.000000 0.000000
vt -37.678509 -44.150700
vt 0.000000 0.328695
vt -2.000000 0.000000
vt 0.000000 0.000000
vt 9.707561 6.168642
vt 0.000000 0.364921
vt 2.000000 0.364921
vt 0.000000 0.000000
vt -37.321381 -44.075687
vt 0.000000 0.364921
vt -2.000000 0.000000
vt 0.000000 0.000000
vt 9.350433 6.243654
vt 0.000000 0.400031
vt 2.000000 0.400031
vt 0.000000 0.000000
vt -36.931576 -43.985817
vt 0.000000 0.400031
vt -2.000000 0.000000
vt 0.000000 0.000000
vt 8.960629 6.333525
vt 0.000000 0.896525
vt 2.000000 0.896525
vt 0.000000 0.000000
vt -36.062828 -43.764381
vt 0.000000 0.896525
vt -2.000000 0.000000
vt 0.000000 0.000000
vt 8.091881 6.554960
vt 0.000000 1.003050
vt 2.000000 1.003050
vt 0.000000 0.000000
vt -35.096497 -43.495472
vt 0.000000 1.003050
vt -2.000000 0.000000
vt 0.000000 0.000000
vt 7.125549 6.823870
vt 0.000000 1.074962
vt 2.000000 1.074962
vt 0.000000 0.000000
vt -34.065147 -43.192383
vt 0.000000 1.074962
vt -2.000000 0.000000
vt 0.000000 0.000000
vt 6.094200 7.126959
vt 0.000000 2.199758
vt 2.000000 2.199758
vt 0.000000 0.000000
vt -31.961700 -42.548607
vt 0.000000 2.199758
vt -2.000000 0.000000
vt 0.000000 0.000000
vt 3.990753 7.770735
vt 0.000000 1.038196
vt 2.000000 1.038196
vt 0.000000 0.000000
vt -30.969936 -42.241596
vt 0.000000 1.038196
vt -2.000000 0.000000
vt 0.000000 0.000000
vt 2.998989 8.077745
vt 0.000000 0.943441
vt 2.000000 0.943441
vt 0.000000 0.000000
vt -30.068043 -41.964706
vt 0.000000 0.943441
vt -2.000000 0.000000
vt 0.000000 0.000000
vt 2.097095 8.354635
vt 0.000000 0.425782
vt 2.000000 0.425782
vt 0.000000 0.000000
vt -29.660564 -41.841209
vt 0.000000 0.425782
vt -2.000000 0.000000
vt 0.000000 0.000000
vt 1.689617 8.478132
vt 0.000000 0.390795
vt 2.000000 0.390795
vt 0.000000 0.000000
vt -29.286213 -41.729042
vt 0.000000 0.390795
vt -2.000000 0.000000
vt 0.000000 0.000000
vt 1.315266 8.590300
vt 0.000000 0.353420
vt 2.000000 0.353420
vt 0.000000 0.000000
vt -28.947311 -41.628784
vt 0.000000 0.353420
vt -2.000000 0.000000
vt 0.000000 0.000000
vt 0.976364 8.690557
vt 0.000000 0.314486
vt 2.000000 0.314486
vt 0.000000 0.000000
vt -28.645432 -41.540638
vt 0.000000 0.314486
vt -2.000000 0.000000
vt 0.000000 0.000000
vt 0.674484 8.778704
vt 0.000000 0.274945
vt 2.000000 0.274945
vt 0.000000 0.000000
vt -28.381290 -41.464321
vt 0.000000 0.274945
vt -2.000000 0.000000
vt 0.000000 0.000000
vt 0.410343 8.855021
vt 0.000000 0.235885
vt 2.000000 0.235885
vt 0.000000 0.000000
vt -28.154625 -41.399017
vt 0.000000 0.235885
vt -2.000000 0.000000
vt 0.000000 0.000000
vt 0.183678 8.920324
vt 0.000000 0.198507
vt 2.000000 0.198507
vt 0.000000 0.000000
vt -27.964088 -41.343330
vt 0.000000 0.198507
vt -2.000000 0.000000
vt 0.000000 0.000000
vt -0.006859 8.976011
vt 0.000000 0.164004
vt 2.000000 0.164004
vt 0.000000 0.000000
vt -27.807278 -41.295292
vt 0.000000 0.164004
vt -2.000000 0.000000
vt 0.000000 0.000000
vt -0.163670 9.024050
vt 0.000000 0.241825
vt 2.000000 0.241825
vt 0.000000 0.000000
vt -27.580288 -41.211895
vt 0.000000 0.241825
vt -2.000000 0.000000
vt 0.000000 0.000000
vt -0.390659 9.107447
vt 0.000000 0.089295
vt 2.000000 0.089295
vt 0.000000 0.000000
vt -27.501045 -41.170734
vt 0.000000 0.089295
vt -2.000000 0.000000
vt 0.000000 0.000000
vt -0.469902 9.148607
vt 0.000000 0.077095
vt 2.000000 0.077095
vt 0.000000 0.000000
vt -27.438137 -41.126167
vt 0.000000 0.077095
vt -2.000000 0.000000
vt 0.000000 0.000000
vt -0.532810 9.193174
vt 0.000000 0.071768
vt 2.000000 0.071768
vt 0.000000 0.000000
vt -27.386909 -41.075905
vt 0.000000 0.071768
vt -2.000000 0.000000
vt 0.000000 0.000000
vt -0.584038 9.243437
vt 0.000000 0.072148
vt 2.000000 0.072148
vt 0.000000 0.000000
vt -27.343334 -41.018402
vt 0.000000 0.072148
vt -2.000000 0.000000
vt 0.000000 0.000000
vt -0.627613 9.300940
vt 0.000000 0.157216
vt 2.000000 0.157216
vt 0.000000 0.000000
vt -27.267849 -40.880493
vt 0.000000 0.157216
vt -2.000000 0.000000
vt 0.000000 0.000000
vt -0.703098 9.438848
vt 0.000000 0.364477
vt 2.000000 0.364477
vt 0.000000 0.000000
vt -27.136791 -40.540394
vt 0.000000 0.364477
vt -2.000000 0.000000
vt 0.000000 0.000000
vt -0.834156 9.778948
vt 0.000000 0.197657
vt 2.000000 0.197657
vt 0.000000 0.000000
vt -27.088509 -40.348724
vt 0.000000 0.197657
vt -2.000000 0.000000
vt 0.000000 0.000000
vt -0.882439 9.970617
vt 0.000000 0.222687
vt 2.000000 0.222687
vt 0.000000 0.000000
vt -27.063984 -40.127392
vt 0.000000 0.222687
vt -2.000000 0.000000
vt 0.000000 0.000000
vt -0.906963 10.191950
vt 0.000000 0.279475
vt 2.000000 0.279475
vt 0.000000 0.000000
vt -27.073624 -39.848083
vt 0.000000 0.279475
vt -2.000000 0.000000
vt 0.000000 0.000000
vt -0.897324 10.471258
vt 0.000000 0.375019
vt 2.000000 0.375019
vt 0.000000 0.000000
vt -27.127083 -39.476894
vt 0.000000 0.375019
vt -2.000000 0.000000
vt 0.000000 0.000000
vt -0.843864 10.842447
vt 0.000000 0.234680
vt 2.000000 0.234680
vt 0.000000 0.000000
vt -27.172749 -39.246700
vt 0.000000 0.234680
vt -2.000000 0.000000
vt 0.000000 0.000000
vt -0.798199 11.072641
vt 0.000000 0.270979
vt 2.000000 0.270979
vt 0.000000 0.000000
vt -27.232010 -38.982281
vt 0.000000 0.270979
vt -2.000000 0.000000
vt 0.000000 0.000000
vt -0.738937 11.337061
vt 0.000000 0.310059
vt 2.000000 0.310059
vt 0.000000 0.000000
vt -27.305344 -38.681019
vt 0.000000 0.310059
vt -2.000000 0.000000
vt 0.000000 0.000000
vt -0.665604 11.638323
vt 0.000000 0.351202
vt 2.000000 0.351202
vt 0.000000 0.000000
vt -27.393024 -38.340939
vt 0.000000 0.351202
vt -2.000000 0.000000
vt 0.000000 0.000000
vt -0.577923 11.978403
vt 0.000000 0.393721
vt 2.000000 0.393721
vt 0.000000 0.000000
vt -27.495136 -37.960690
vt 0.000000 0.393721
vt -2.000000 0.000000
vt 0.000000 0.000000
vt -0.475811 12.358652
vt 0.000000 0.436993
vt 2.000000 0.436993
vt 0.000000 0.000000
vt -27.611584 -37.539497
vt 0.000000 0.436993
vt -2.000000 0.000000
vt 0.000000 0.000000
vt -0.359364 12.779844
vt 0.000000 0.480444
vt 2.000000 0.480444
vt 0.000000 0.000000
vt -27.742115 -37.077126
vt 0.000000 0.480444
vt -2.000000 0.000000
vt 0.000000 0.000000
vt -0.228832 13.242216
vt 0.000000 0.523544
vt 2.000000 0.523544
vt 0.000000 0.000000
vt -27.886322 -36.573833
vt 0.000000 0.523544
vt -2.000000 0.000000
vt 0.000000 0.000000
vt -0.084625 13.745508
vt 0.000000 0.565801
vt 2.000000 0.565801
vt 0.000000 0.000000
vt -28.043663 -36.030350
vt 0.000000 0.565801
vt -2.000000 0.000000
vt 0.000000 0.000000
vt 0.072716 14.288992
vt 0.000000 0.606746
vt 2.000000 0.606746
vt 0.000000 0.000000
vt -28.213455 -35.447845
vt 0.000000 0.606746
vt -2.000000 0.000000
vt 0.000000 0.000000
vt 0.242508 14.871496
vt 0.000000 0.645954
vt 2.000000 0.645954
vt 0.000000 0.000000
vt -28.394917 -34.827904
vt 0.000000 0.645954
vt -2.000000 0.000000
vt 0.000000 0.000000
vt 0.423969 15.491438
vt 0.000000 0.683033
vt 2.000000 0.683033
vt 0.000000 0.000000
vt -28.587154 -34.172482
vt 0.000000 0.683033
vt -2.000000 0.000000
vt 0.000000 0.000000
vt 0.616207 16.146860
vt 0.000000 1.467038
vt 2.000000 1.467038
vt 0.000000 0.000000
vt -28.999935 -32.764713
vt 0.000000 1.467038
vt -2.000000 0.000000
vt 0.000000 0.000000
vt 1.028988 17.554628
vt 0.000000 1.581579
vt 2.000000 1.581579
vt 0.000000 0.000000
vt -29.443043 -31.246475
vt 0.000000 1.581579
vt -2.000000 0.000000
vt 0.000000 0.000000
vt 1.472095 19.072866
vt 0.000000 1.668583
vt 2.000000 1.668583
vt 0.000000 0.000000
vt -29.906841 -29.643646
vt 0.000000 1.668583
vt -2.000000 0.000000
vt 0.000000 0.000000
vt 1.935894 20.675695
vt 0.000000 1.725124
vt 2.000000 1.725124
vt 0.000000 0.000000
vt -30.381195 -27.985020
vt 0.000000 1.725124
vt -2.000000 0.000000
vt 0.000000 0.000000
vt 2.410248 22.334322
vt 0.000000 3.490011
vt 2.000000 3.490011
vt 0.000000 0.000000
vt -31.320786 -24.623867
vt 0.000000 3.490011
vt -2.000000 0.000000
vt 0.000000 0.000000
vt 3.349838 25.695475
vt 0.000000 1.699242
vt 2.000000 1.699242
vt 0.000000 0.000000
vt -31.766701 -22.984177
vt 0.000000 1.699242
vt -2.000000 0.000000
vt 0.000000 0.000000
vt 3.795753 27.335165
vt 0.000000 1.626657
vt 2.000000 1.626657
vt 0.000000 0.000000
vt -32.185276 -21.412296
vt 0.000000 1.626657
vt -2.000000 0.000000
vt 0.000000 0.000000
vt 4.214329 28.907045
vt 0.000000 1.525419
vt 2.000000 1.525419
vt 0.000000 0.000000
vt -32.569626 -19.936092
vt 0.000000 1.525419
vt -2.000000 0.000000
vt 0.000000 0.000000
vt 4.598679 30.383249
vt 0.000000 0.716756
vt 2.000000 0.716756
vt 0.000000 0.000000
vt -32.747299 -19.241707
vt 0.000000 0.716756
vt -2.000000 0.000000
vt 0.000000 0.000000
vt 4.776352 31.077635
vt 0.000000 0.682401
vt 2.000000 0.682401
vt 0.000000 0.000000
vt -32.914673 -18.580151
vt 0.000000 0.682401
vt -2.000000 0.000000
vt 0.000000 0.000000
vt 4.943726 31.739191
vt 0.000000 0.645665
vt 2.000000 0.645665
vt 0.000000 0.000000
vt -33.071461 -17.953812
vt 0.000000 0.645665
vt -2.000000 0.000000
vt 0.000000 0.000000
vt 5.100513 32.365528
vt 0.000000 0.606914
vt 2.000000 0.606914
vt 0.000000 0.000000
vt -33.217533 -17.364738
vt 0.000000 0.606914
vt -2.000000 0.000000
vt 0.000000 0.000000
vt 5.246586 32.954601
vt 0.000000 0.566521
vt 2.000000 0.566521
vt 0.000000 0.000000
vt -33.352936 -16.814636
vt 0.000000 0.566521
vt -2.000000 0.000000
vt 0.000000 0.000000
vt 5.381989 33.504704
vt 0.000000 0.524931
vt 2.000000 0.524931
vt 0.000000 0.000000
vt -33.477890 -16.304794
vt 0.000000 0.524931
vt -2.000000 0.000000
vt 0.000000 0.000000
vt 5.506943 34.014545
vt 0.000000 0.482606
vt 2.000000 0.482606
vt 0.000000 0.000000
vt -33.592827 -15.836075
vt 0.000000 0.482606
vt -2.000000 0.000000
vt 0.000000 0.000000
vt 5.621880 34.483269
vt 0.000000 0.440041
vt 2.000000 0.440041
vt 0.000000 0.000000
vt -33.698383 -15.408882
vt 0.000000 0.440041
vt -2.000000 0.000000
vt 0.000000 0.000000
vt 5.727436 34.910461
vt 0.000000 0.397807
vt 2.000000 0.397807
vt 0.000000 0.000000
vt -33.795429 -15.023094
vt 0.000000 0.397807
vt -2.000000 0.000000
vt 0.000000 0.000000
vt 5.824482 35.296246
vt 0.000000 0.356442
vt 2.000000 0.356442
vt 0.000000 0.000000
vt -33.885040 -14.678101
vt 0.000000 0.356442
vt -2.000000 0.000000
vt 0.000000 0.000000
vt 5.914093 35.641239
vt 0.000000 0.316467
vt 2.000000 0.316467
vt 0.000000 0.000000
vt -33.968487 -14.372833
vt 0.000000 0.316467
vt -2.000000 0.000000
vt 0.000000 0.000000
vt 5.997540 35.946507
vt 0.000000 0.278406
vt 2.000000 0.278406
vt 0.000000 0.000000
vt -34.047184 -14.105782
vt 0.000000 0.278406
vt -2.000000 0.000000
vt 0.000000 0.000000
vt 6.076237 36.213558
vt 0.000000 0.242738
vt 2.000000 0.242738
vt 0.000000 0.000000
vt -34.122662 -13.875076
vt 0.000000 0.242738
vt -2.000000 0.000000
vt 0.000000 0.000000
vt 6.151714 36.444263
vt 0.000000 0.209925
vt 2.000000 0.209925
vt 0.000000 0.000000
vt -34.196480 -13.678558
vt 0.000000 0.209925
vt -2.000000 0.000000
vt 0.000000 0.000000
vt 6.225533 36.640781
vt 0.000000 0.334962
vt 2.000000 0.334962
vt 0.000000 0.000000
vt -34.345284 -13.378464
vt 0.000000 0.334962
vt -2.000000 0.000000
vt 0.000000 0.000000
vt 6.374336 36.940880
vt 0.000000 0.133740
vt 2.000000 0.133740
vt 0.000000 0.000000
vt -34.423161 -13.269737
vt 0.000000 0.133740
vt -2.000000 0.000000
vt 0.000000 0.000000
vt 6.452213 37.049603
vt 0.000000 0.117820
vt 2.000000 0.117820
vt 0.000000 0.000000
vt -34.505058 -13.185036
vt 0.000000 0.117820
vt -2.000000 0.000000
vt 0.000000 0.000000
vt 6.534111 37.134308
vt 0.000000 0.107546
vt 2.000000 0.107546
vt 0.000000 0.000000
vt -34.592007 -13.121742
vt 0.000000 0.107546
vt 2.000000 0.000000
vt 0.000000 0.000000
vt 6.621059 37.197598
vt -0.000000 -0.102838
vt -2.000000 -0.102838
vt 0.000000 0.000000
vt -34.684769 -13.077347
vt -0.000000 -0.102838
vt 2.000000 0.000000
vt 0.000000 0.000000
vt 6.713821 37.241997
vt -0.000000 -0.102864
vt -2.000000 -0.102864
vt 0.000000 0.000000
vt -34.783798 -13.049522
vt -0.000000 -0.102864
vt 2.000000 0.000000
vt 0.000000 0.000000
vt 6.812851 37.269817
vt -0.000000 -0.106271
vt -2.000000 -0.106271
vt 0.000000 0.000000
vt -34.889221 -13.036125
vt -0.000000 -0.106271
vt 2.000000 0.000000
vt 0.000000 0.000000
vt 6.918274 37.283215
vt -0.000000 -0.229176
vt -2.000000 -0.229176
vt 0.000000 0.000000
vt -35.118210 -13.045380
vt -0.000000 -0.229176
vt 2.000000 0.000000
vt 0.000000 0.000000
vt 7.147263 37.273960
vt -0.000000 -0.253709
vt -2.000000 -0.253709
vt 0.000000 0.000000
vt -35.367424 -13.092926
vt -0.000000 -0.253709
vt 2.000000 0.000000
vt 0.000000 0.000000
vt 7.396477 37.226418
vt -0.000000 -0.565022
vt -2.000000 -0.565022
vt 0.000000 0.000000
vt -35.903614 -13.271111
vt -0.000000 -0.565022
vt 2.000000 0.000000
vt 0.000000 0.000000
vt 7.932667 37.048229
vt -0.000000 -0.623332
vt -2.000000 -0.623332
vt 0.000000 0.000000
vt -36.468040 -13.535622
vt -0.000000 -0.623332
vt 2.000000 0.000000
vt 2.000000 0.689203
vt 8.497093 36.783718
vt -25.970947 48.319344
vt 32.465874 47.049995
vt -62.099998 60.100002
vt 0.000000 -2.000000
vt -2.000000 0.000000
vt -2.000000 -34.000000
vt -15.034126 0.000000
vt 0.000000 -2.000000
vt 2.000000 0.000000
vt 2.000000 34.000000
vt 7.999931 34.000000
vt 2.000000 0.000000
vt 0.000000 -2.000000
vt 8.000000 -2.000000
vt 22.965874 0.000000
vt 0.000000 34.000000
vt 22.965874 34.000000
vt 0.000000 0.000000
vt -2.000000 0.000000
vt 0.000000 2.000000
vt -8.000000 2.000000
vt 11.500000 49.049999
vt 0.000000 34.000000
vt 7.999931 34.000000
vt 0.000000 0.000000
vt -2.000000 0.000000
vt 0.000000 2.000000
vt -7.999931 2.000000
vt 26.465942 49.049999
vt 0.000000 -34.000000
vt -15.034126 0.000000
vt 0.000000 0.000000
vt 2.000000 0.000000
vt 0.000000 2.000000
vt -7.979340 2.000000
vt 49.500000 15.050001
vt -29.634127 47.049995
vt 0.000000 60.100002
vt -60.100002 0.000000
vt 0.000000 34.000000
vt 7.999931 0.000000
vt 0.000000 0.000000
vt -7.054787 0.000000
vt 7.979340 0.000000
vt 0.000000 0.000000
vt 14.965874 34.000000
vt 8.000000 0.000000
vt 0.000000 0.000000
vt 7.979340 0.000000
vt 0.000000 0.000000
vt -14.600000 13.050003
vt -34.000000 0.000000
vt 0.000000 2.000000
vt -34.000000 2.000000
vt 14.600000 15.050003
vt 7.999931 0.000000
vt -37.634060 47.050003
vt 0.000000 0.000000
vt 0.000000 2.000000
vt -34.000000 2.000000
vt 37.634060 49.050003
vt -37.634060 13.050003
vt 34.000000 0.000000
vt 0.000000 0.000000
vt -7.999931 0.000000
vt -14.600000 47.050003
vt 0.000000 0.000000
vt -7.838844 0.000000
vt -52.599998 13.050003
vt 34.000000 0.000000
vt 0.000000 0.000000
vt 0.000000 -2.000000
vt 7.979340 -2.000000
vt 49.500000 15.050003
vt 0.000000 -2.000000
vt 7.999931 -2.000000
vt 26.465942 49.050003
vt 0.000000 -2.000000
vt 8.000000 -2.000000
vt 11.500000 49.050003
vt 0.000000 2.000000
vt -2.000000 0.000000
vt -2.000000 -34.000290
vt 41.520660 15.050001
vt 0.000000 2.000000
vt 2.000000 0.000000
vt 2.000000 34.000000
vt 34.465874 49.049999
vt 0.000000 2.000000
vt 2.000000 0.000000
vt 2.000000 34.000000
vt 19.500000 49.049999
vt 0.000000 2.000000
vt -8.000000 2.000000
vt 52.599998 15.050003
vt 0.000000 2.000000
vt -7.999931 2.000000
vt 37.634060 15.050003
vt 0.000000 2.000000
vt -7.838844 2.000000
vt 14.600000 49.050003
vt 64.099998 0.000000
vt -64.099998 0.000000
vt 34.465874 49.049995
vt 64.099998 64.099998
vt 0.000000 64.099998
vt 0.000000 0.000000
vt 0.000000 64.099998
vt 64.099998 64.099998
vt -62.100002 2.000000
vt 0.000000 0.000000
vt -29.634127 49.049995
vt 2.000000 2.000000
vt 64.099998 0.000000
vt 64.099998 64.099998
vt -62.100002 -62.099998
vt 0.000000 0.000000
vt 0.000000 64.099998
vt 0.000000 -64.099998
vt 0.000000 -2.000000
vt 34.000000 -2.000000
vt 19.500000 49.050003
vt 0.000000 -2.000000
vt 34.000000 -2.000000
vt 34.465874 49.050003
vt 0.000000 -2.000000
vt 34.000290 -2.000000
vt 41.520660 15.050003
vt 0.000000 0.000000
vt -64.099998 -64.099998
vt 34.465874 -15.050001
vt 64.099998 0.000000
vt -29.634127 -15.050001
vt 2.000000 -62.099998
vt -2.000000 0.000000
vt 0.000000 -2.000000
vt 7.838844 -2.000000
vt -15.034126 34.000000
vt 2.000000 0.000000
vt 7.999931 -2.000000
vt 7.999931 0.000000
vt 0.000000 -2.000000
vt -2.000000 0.000000
vt -2.000000 -34.000000
vt 14.965874 0.000000
vt 58.200001 58.200001
vt -10.000000 0.000000
vt 10.000000 0.000000
vt -1.700005 58.200001
vt 10.000000 -59.900002
vt 0.000000 0.000000
vt -1.700005 -1.699999
vt 10.000000 -59.899998
vt 0.000000 -59.900002
vt 58.200001 -1.699999
vt -10.000000 -59.899998
vt -10.000000 0.000000
vt 0.000000 0.000000
vt 56.500000 56.500004
vt 0.000000 56.500000
vt 56.500000 -0.000000
vt 0.000000 0.000000
vt 0.000000 -56.500000
vt 0.000000 0.000000
vt 0.000000 0.000000
vt 0.000000 56.500004
vt -10.000000 56.500004
vt 6.345711 45.548534
vt 10.000000 56.500000
vt 6.345711 -10.951468
vt -10.000000 0.000000
vt 2.701294 -37.596989
vt 0.000000 -0.443789
vt 2.000000 -0.443789
vt 0.000000 0.000000
vt 2.431137 -37.949070
vt 0.000000 -0.443786
vt 2.000000 -0.443786
vt 0.000000 0.000000
vt 2.079056 -38.219231
vt 0.000000 -0.443788
vt 2.000000 -0.443788
vt 0.000000 0.000000
vt 1.669044 -38.389065
vt 0.000000 0.443793
vt -2.000000 0.443793
vt 0.000000 0.000000
vt 1.229050 -38.446987
vt 0.000000 0.443791
vt -2.000000 0.443791
vt 0.000000 0.000000
vt 0.789063 -38.389065
vt 0.000000 0.443784
vt -2.000000 0.443784
vt 0.000000 0.000000
vt 0.379051 -38.219231
vt 0.000000 0.443793
vt -2.000000 0.443793
vt 0.000000 0.000000
vt 0.026970 -37.949070
vt 0.000000 0.443788
vt -2.000000 0.443788
vt 0.000000 0.000000
vt -0.243187 -37.596989
vt 0.000000 0.443786
vt -2.000000 0.443786
vt 0.000000 0.000000
vt -0.413025 -37.186981
vt 0.000000 0.443792
vt -2.000000 0.443792
vt 0.000000 0.000000
vt -0.470947 -36.746986
vt 0.000000 0.443789
vt -2.000000 0.443789
vt 0.000000 0.000000
vt -0.413025 -36.306995
vt 0.000000 0.443789
vt -2.000000 0.443789
vt 0.000000 0.000000
vt -0.243187 -35.896988
vt 0.000000 0.443792
vt -2.000000 0.443792
vt 0.000000 0.000000
vt 0.026970 -35.544907
vt 0.000000 0.443786
vt -2.000000 0.443786
vt 0.000000 0.000000
vt 0.379051 -35.274746
vt 0.000000 0.443788
vt -2.000000 0.443788
vt 0.000000 0.000000
vt 0.789063 -35.104916
vt 0.000000 -0.443792
vt 2.000000 -0.443792
vt 0.000000 0.000000
vt 1.229050 -35.046989
vt 0.000000 -0.443784
vt 2.000000 -0.443784
vt 0.000000 0.000000
vt 1.669044 -35.104916
vt -0.000000 -0.443791
vt 2.000000 -0.443791
vt 0.000000 0.000000
vt 2.079056 -35.274746
vt -0.000000 -0.443792
vt 2.000000 -0.443792
vt 0.000000 0.000000
vt 2.431137 -35.544907
vt -0.000000 -0.443788
vt 2.000000 -0.443788
vt 0.000000 0.000000
vt 2.701294 -35.896988
vt -0.000000 -0.443786
vt 2.000000 -0.443786
vt 0.000000 0.000000
vt 2.871124 -36.306995
vt -0.000000 -0.443789
vt 2.000000 -0.443789
vt 0.000000 0.000000
vt 2.929054 -36.746986
vt -0.000000 -0.443790
vt 2.000000 -0.443790
vt 0.000000 0.000000
vt 2.871124 -37.186981
vt 0.000000 0.000000
vt 0.000000 -0.443790
vt 2.000000 -0.443790
vt 2.674332 2.052086
vt -0.000000 -0.443791
vt 2.000000 -0.443791
vt 0.000000 0.000000
vt 2.844162 1.642075
vt -0.000000 -0.443792
vt 2.000000 -0.443792
vt 0.000000 0.000000
vt 2.902084 1.202087
vt -0.000000 -0.443783
vt 2.000000 -0.443783
vt 0.000000 0.000000
vt 2.844162 0.762093
vt 0.000000 0.000000
vt 0.000000 -0.443791
vt 2.000000 -0.443791
vt 2.674332 0.352081
vt 0.000000 -0.443792
vt 2.000000 -0.443792
vt 0.000000 0.000000
vt 2.404167 0.000000
vt 0.000000 -0.443791
vt 2.000000 -0.443791
vt 0.000000 0.000000
vt 2.052086 -0.270157
vt 0.000000 -0.443786
vt 2.000000 -0.443786
vt 0.000000 0.000000
vt 1.642075 -0.439987
vt 0.000000 0.443792
vt -2.000000 0.443792
vt 0.000000 0.000000
vt 1.202087 -0.497917
vt 0.000000 0.443784
vt -2.000000 0.443784
vt 0.000000 0.000000
vt 0.762093 -0.439987
vt 0.000000 0.443792
vt -2.000000 0.443792
vt 0.000000 0.000000
vt 0.352081 -0.270157
vt 0.000000 0.443792
vt -2.000000 0.443792
vt -2.000000 0.000000
vt -2.000000 0.443786
vt 0.000000 0.000000
vt -0.270157 0.352081
vt 0.000000 0.443786
vt 0.000000 0.000000
vt -0.439987 0.762093
vt 0.000000 0.443792
vt -2.000000 0.443792
vt 0.000000 0.000000
vt -0.497917 1.202087
vt 0.000000 0.443792
vt -2.000000 0.443792
vt 0.000000 0.000000
vt -0.439987 1.642075
vt 0.000000 0.443784
vt -2.000000 0.443784
vt 0.000000 0.000000
vt -0.270157 2.052086
vt 0.000000 0.443792
vt -2.000000 0.443792
vt 0.000000 0.000000
vt 0.000000 2.404167
vt 0.000000 0.443786
vt -2.000000 0.443786
vt 0.000000 0.000000
vt 0.352081 2.674332
vt 0.000000 0.443791
vt -2.000000 0.443791
vt 0.000000 0.000000
vt 0.762093 2.844162
vt 0.000000 -0.443792
vt 2.000000 -0.443792
vt 0.000000 0.000000
vt 1.202087 2.902084
vt 0.000000 -0.443791
vt 2.000000 -0.443791
vt 0.000000 0.000000
vt 1.642075 2.844162
vt -0.000000 -0.443783
vt 2.000000 -0.443783
vt 0.000000 0.000000
vt 2.052086 2.674332
vt -0.000000 -0.443792
vt 2.000000 -0.443792
vt 0.000000 0.000000
vt 2.404167 2.404167
vt -0.000000 -0.443791
vt 2.000000 -0.443791
vt 0.000000 0.000000
vt -46.367878 2.410728
vt 0.000000 0.443788
vt -2.000000 0.443788
vt 0.000000 0.000000
vt -46.015797 2.680893
vt 0.000000 0.443791
vt -2.000000 0.443791
vt 0.000000 0.000000
vt -45.605789 2.850723
vt 0.000000 -0.443789
vt 2.000000 -0.443789
vt 0.000000 0.000000
vt -45.165794 2.908646
vt 0.000000 -0.443789
vt 2.000000 -0.443789
vt 0.000000 0.000000
vt -44.725803 2.850723
vt -0.000000 -0.443789
vt 2.000000 -0.443789
vt 0.000000 0.000000
vt -44.315796 2.680893
vt -0.000000 -0.443789
vt 2.000000 -0.443789
vt 0.000000 0.000000
vt -43.963715 2.410728
vt -0.000000 -0.443791
vt 2.000000 -0.443791
vt 0.000000 0.000000
vt -43.693554 2.058647
vt -0.000000 -0.443788
vt 2.000000 -0.443788
vt 0.000000 0.000000
vt -43.523724 1.648643
vt -0.000000 -0.443785
vt 2.000000 -0.443785
vt 0.000000 0.000000
vt -43.465797 1.208649
vt -0.000000 -0.443791
vt 2.000000 -0.443791
vt 0.000000 0.000000
vt -43.523724 0.768654
vt 0.000000 0.000000
vt 0.000000 -0.443791
vt 2.000000 -0.443791
vt -43.693554 0.358650
vt 0.000000 -0.443785
vt 2.000000 -0.443785
vt 2.000000 0.000000
vt -43.963715 0.006569
vt 2.000000 -0.443788
vt 0.000000 0.000000
vt -44.315796 -0.263596
vt 0.000000 -0.443791
vt 0.000000 0.000000
vt -44.725803 -0.433426
vt 0.000000 0.443789
vt -2.000000 0.443789
vt 0.000000 0.000000
vt -45.165794 -0.491348
vt 0.000000 0.443789
vt -2.000000 0.443789
vt 0.000000 0.000000
vt -45.605789 -0.433426
vt 0.000000 0.443789
vt -2.000000 0.443789
vt 0.000000 0.000000
vt -46.015797 -0.263596
vt 0.000000 0.443789
vt -2.000000 0.443789
vt 0.000000 0.000000
vt -46.367878 0.006569
vt 0.000000 0.443791
vt -2.000000 0.443791
vt 0.000000 0.000000
vt -46.638039 0.358650
vt 0.000000 0.443788
vt -2.000000 0.443788
vt 0.000000 0.000000
vt -46.807873 0.768654
vt 0.000000 0.443786
vt -2.000000 0.443786
vt 0.000000 0.000000
vt -46.865795 1.208649
vt 0.000000 0.443791
vt -2.000000 0.443791
vt 0.000000 0.000000
vt -46.807873 1.648643
vt 0.000000 0.443791
vt -2.000000 0.443791
vt 0.000000 0.000000
vt -46.638039 2.058647
vt 0.000000 0.443786
vt -2.000000 0.443786
vt 0.000000 0.000000
vt -46.389736 -37.914780
vt 0.000000 0.443788
vt -2.000000 0.443788
vt 0.000000 0.000000
vt -46.659901 -37.562695
vt 0.000000 0.443791
vt -2.000000 0.443791
vt 0.000000 0.000000
vt -46.829727 -37.152691
vt 0.000000 0.443789
vt -2.000000 0.443789
vt 0.000000 0.000000
vt -46.887653 -36.712700
vt 0.000000 0.443788
vt -2.000000 0.443788
vt 0.000000 0.000000
vt -46.829727 -36.272705
vt 0.000000 0.443790
vt -2.000000 0.443790
vt 0.000000 0.000000
vt -46.659901 -35.862698
vt 0.000000 0.443789
vt -2.000000 0.443789
vt 0.000000 0.000000
vt -46.389736 -35.510616
vt 0.000000 0.443789
vt -2.000000 0.443789
vt 0.000000 0.000000
vt -46.037655 -35.240456
vt 0.000000 0.443788
vt -2.000000 0.443788
vt 0.000000 0.000000
vt -45.627647 -35.070621
vt 0.000000 -0.443790
vt 2.000000 -0.443790
vt 0.000000 0.000000
vt -45.187653 -35.012699
vt 0.000000 -0.443789
vt 2.000000 -0.443789
vt 0.000000 0.000000
vt -44.747662 -35.070621
vt -0.000000 -0.443787
vt 2.000000 -0.443787
vt 0.000000 0.000000
vt -44.337654 -35.240456
vt -0.000000 -0.443792
vt 2.000000 -0.443792
vt 0.000000 0.000000
vt -43.985573 -35.510616
vt -0.000000 -0.443788
vt 2.000000 -0.443788
vt 0.000000 0.000000
vt -43.715412 -35.862698
vt -0.000000 -0.443788
vt 2.000000 -0.443788
vt 0.000000 0.000000
vt -43.545582 -36.272705
vt -0.000000 -0.443789
vt 2.000000 -0.443789
vt 0.000000 0.000000
vt -43.487656 -36.712700
vt -0.000000 -0.443790
vt 2.000000 -0.443790
vt 0.000000 0.000000
vt -43.545582 -37.152691
vt 0.000000 0.000000
vt 0.000000 -0.443788
vt 2.000000 -0.443788
vt -43.715412 -37.562695
vt 0.000000 -0.443789
vt 2.000000 -0.443789
vt 0.000000 0.000000
vt -43.985573 -37.914780
vt 0.000000 -0.443790
vt 2.000000 -0.443790
vt 0.000000 0.000000
vt -44.337654 -38.184940
vt 0.000000 -0.443788
vt 2.000000 -0.443788
vt 0.000000 0.000000
vt -44.747662 -38.354771
vt 0.000000 0.443791
vt -2.000000 0.443791
vt 0.000000 0.000000
vt -45.187653 -38.412697
vt 0.000000 0.443788
vt -2.000000 0.443788
vt 0.000000 0.000000
vt -45.627647 -38.354771
vt 0.000000 0.443790
vt -2.000000 0.443790
vt 0.000000 0.000000
vt -46.037655 -38.184940
vt 0.000000 0.443789
vt -2.000000 0.443789
vt 0.000000 0.000000
vt 13.168716 -53.462086
vt -2.000000 -70.500000
vt 2.000000 0.000000
vt 13.168716 17.037918
vt -2.000000 0.000000
vt 0.000000 0.000000
vt -57.331284 17.037918
vt 0.000000 70.500000
vt 2.000000 70.500000
vt -57.331284 -53.462086
vt 2.000000 70.500000
vt 2.000000 0.000000
vt 0.000000 -70.500000
vt 0.000000 0.000000
vt -65.199997 -65.199997
vt 0.000000 0.000000
vt 2.000000 0.000000
vt -65.199997 5.300003
vt -50.154289 45.548534
vt 10.000000 0.000000
vt 10.000000 56.500004
vt -50.154289 -10.951468
vt -10.000000 -56.500000
vt 10.000000 0.000000
vt -46.659904 37.562702
vt -0.000000 -0.443791
vt -2.000000 0.000000
vt 0.000000 0.000000
vt -46.389740 37.914783
vt -0.000000 -0.443791
vt -2.000000 0.000000
vt 0.000000 0.000000
vt -46.037659 38.184948
vt -0.000000 -0.443792
vt -2.000000 0.000000
vt 0.000000 0.000000
vt -45.627647 38.354778
vt -0.000000 -0.443783
vt -2.000000 0.000000
vt 0.000000 0.000000
vt -45.187660 38.412701
vt 0.000000 -0.443791
vt -2.000000 0.000000
vt 0.000000 0.000000
vt -44.747665 38.354778
vt 0.000000 -0.443792
vt -2.000000 0.000000
vt 0.000000 0.000000
vt -44.337654 38.184948
vt 0.000000 0.443791
vt -2.000000 0.000000
vt 0.000000 0.000000
vt -43.985573 37.914783
vt 0.000000 0.443786
vt 2.000000 0.000000
vt 0.000000 0.000000
vt -43.715416 37.562702
vt 0.000000 0.443792
vt 2.000000 0.000000
vt 0.000000 0.000000
vt -43.545586 37.152691
vt 0.000000 0.443784
vt 2.000000 0.000000
vt 0.000000 0.000000
vt -43.487656 36.712704
vt 0.000000 0.443792
vt 2.000000 0.000000
vt 0.000000 0.000000
vt -43.545586 36.272709
vt 0.000000 0.443792
vt 2.000000 0.000000
vt 0.000000 0.000000
vt -43.715416 35.862698
vt 2.000000 0.443786
vt 2.000000 0.000000
vt 0.000000 0.000000
vt -43.985573 35.510616
vt 0.000000 0.443786
vt 2.000000 0.000000
vt -44.337654 35.240459
vt 0.000000 0.443792
vt 0.000000 0.000000
vt -44.747665 35.070629
vt 0.000000 0.443792
vt 2.000000 0.000000
vt 0.000000 0.000000
vt -45.187660 35.012699
vt 0.000000 0.443784
vt 2.000000 0.000000
vt 0.000000 0.000000
vt -45.627647 35.070629
vt 0.000000 0.443792
vt 2.000000 0.000000
vt 0.000000 0.000000
vt -46.037659 35.240459
vt 0.000000 -0.443786
vt 2.000000 0.000000
vt 0.000000 0.000000
vt -46.389740 35.510616
vt 0.000000 -0.443791
vt -2.000000 0.000000
vt 0.000000 0.000000
vt -46.659904 35.862698
vt 0.000000 -0.443792
vt -2.000000 0.000000
vt 0.000000 0.000000
vt -46.829735 36.272709
vt -2.000000 0.000000
vt 0.000000 0.000000
vt 0.000000 -0.443791
vt -46.887657 36.712704
vt -0.000000 -0.443783
vt -2.000000 0.000000
vt 0.000000 0.000000
vt -46.829735 37.152691
vt -0.000000 -0.443792
vt -2.000000 0.000000
vt 0.000000 0.000000
vt -46.686867 -2.086372
vt 0.000000 -0.443789
vt -2.000000 0.000000
vt 0.000000 0.000000
vt -46.856697 -1.676365
vt -2.000000 0.000000
vt 0.000000 0.000000
vt 0.000000 -0.443790
vt -46.914627 -1.236372
vt -0.000000 -0.443790
vt -2.000000 0.000000
vt 0.000000 0.000000
vt -46.856697 -0.796379
vt -0.000000 -0.443789
vt -2.000000 0.000000
vt 0.000000 0.000000
vt -46.686867 -0.386372
vt -0.000000 -0.443786
vt -2.000000 0.000000
vt 0.000000 0.000000
vt -46.416710 -0.034290
vt -0.000000 -0.443788
vt -2.000000 0.000000
vt 0.000000 0.000000
vt -46.064629 0.235870
vt -0.000000 -0.443792
vt -2.000000 0.000000
vt 0.000000 0.000000
vt -45.654617 0.405701
vt -0.000000 -0.443791
vt -2.000000 0.000000
vt 0.000000 0.000000
vt -45.214622 0.463627
vt 0.000000 -0.443784
vt -2.000000 0.000000
vt 0.000000 0.000000
vt -44.774635 0.405701
vt 0.000000 -0.443792
vt -2.000000 0.000000
vt 0.000000 0.000000
vt -44.364624 0.235870
vt 0.000000 0.443788
vt -2.000000 0.000000
vt 0.000000 0.000000
vt -44.012543 -0.034290
vt 0.000000 0.443786
vt 2.000000 0.000000
vt 0.000000 0.000000
vt -43.742386 -0.386372
vt 0.000000 0.443792
vt 2.000000 0.000000
vt 0.000000 0.000000
vt -43.572548 -0.796379
vt 0.000000 0.443789
vt 2.000000 0.000000
vt 0.000000 0.000000
vt -43.514626 -1.236372
vt 0.000000 0.443789
vt 2.000000 0.000000
vt 0.000000 0.000000
vt -43.572548 -1.676365
vt 0.000000 0.443792
vt 2.000000 0.000000
vt 0.000000 0.000000
vt -43.742386 -2.086372
vt 0.000000 0.443786
vt 2.000000 0.000000
vt 0.000000 0.000000
vt -44.012543 -2.438454
vt 0.000000 0.443788
vt 2.000000 0.000000
vt 0.000000 0.000000
vt -44.364624 -2.708614
vt 0.000000 0.443793
vt 2.000000 0.000000
vt 0.000000 0.000000
vt -44.774635 -2.878447
vt 0.000000 0.443784
vt 2.000000 0.000000
vt 0.000000 0.000000
vt -45.214622 -2.936373
vt 0.000000 0.443791
vt 2.000000 0.000000
vt 0.000000 0.000000
vt -45.654617 -2.878447
vt 0.000000 0.443793
vt 2.000000 0.000000
vt 0.000000 0.000000
vt -46.064629 -2.708614
vt 0.000000 -0.443788
vt 2.000000 0.000000
vt 0.000000 0.000000
vt -46.416710 -2.438454
vt 0.000000 -0.443786
vt -2.000000 0.000000
vt 0.000000 0.000000
vt 2.844156 -1.642073
vt 0.000000 0.443789
vt 2.000000 0.000000
vt 0.000000 0.000000
vt 2.674326 -2.052080
vt 0.000000 0.443791
vt 2.000000 0.000000
vt 0.000000 0.000000
vt 2.404163 -2.404163
vt 0.000000 0.443788
vt 2.000000 0.000000
vt 0.000000 0.000000
vt 2.052082 -2.674324
vt 0.000000 0.443789
vt 2.000000 0.000000
vt 0.000000 0.000000
vt 1.642075 -2.844154
vt 0.000000 0.443790
vt 2.000000 0.000000
vt 0.000000 0.000000
vt 1.202082 -2.902081
vt 0.000000 0.443788
vt 2.000000 0.000000
vt 0.000000 0.000000
vt 0.762091 -2.844154
vt 0.000000 0.443791
vt 2.000000 0.000000
vt 0.000000 0.000000
vt 0.352081 -2.674324
vt 0.000000 -0.443788
vt 2.000000 0.000000
vt 0.000000 0.000000
vt 0.000000 -2.404163
vt 0.000000 -0.443790
vt -2.000000 0.000000
vt 0.000000 0.000000
vt -0.270161 -2.052080
vt 0.000000 -0.443789
vt -2.000000 0.000000
vt 0.000000 0.000000
vt -0.439991 -1.642073
vt -2.000000 0.000000
vt 0.000000 0.000000
vt 0.000000 -0.443788
vt -0.497917 -1.202082
vt -0.000000 -0.443790
vt -2.000000 0.000000
vt 0.000000 0.000000
vt -0.439991 -0.762089
vt -0.000000 -0.443789
vt -2.000000 0.000000
vt 0.000000 0.000000
vt -0.270161 -0.352081
vt -0.000000 -0.443788
vt -2.000000 0.000000
vt 0.000000 0.000000
vt -0.000000 -0.443788
vt -2.000000 0.000000
vt 0.000000 0.000000
vt 0.352081 0.270161
vt -0.000000 -0.443792
vt -2.000000 0.000000
vt 0.000000 0.000000
vt 0.762091 0.439995
vt -0.000000 -0.443787
vt -2.000000 0.000000
vt 0.000000 0.000000
vt 1.202082 0.497917
vt 0.000000 -0.443789
vt -2.000000 0.000000
vt 0.000000 0.000000
vt 1.642075 0.439995
vt 0.000000 -0.443790
vt -2.000000 0.000000
vt 0.000000 0.000000
vt 2.052082 0.270161
vt 0.000000 0.443788
vt -2.000000 0.000000
vt 0.000000 0.000000
vt 2.404163 0.000000
vt 0.000000 0.443789
vt 2.000000 0.000000
vt 0.000000 0.000000
vt 2.674326 -0.352081
vt 0.000000 0.443789
vt 2.000000 0.000000
vt 0.000000 0.000000
vt 2.844156 -0.762089
vt 0.000000 0.443790
vt 2.000000 0.000000
vt 0.000000 0.000000
vt 2.902082 -1.202082
vt 0.000000 0.443788
vt 2.000000 0.000000
vt 0.000000 0.000000
vt 2.382305 37.921345
vt 0.000000 0.443788
vt 2.000000 0.000000
vt 0.000000 0.000000
vt 2.652466 37.569263
vt 0.000000 0.443786
vt 2.000000 0.000000
vt 0.000000 0.000000
vt 2.822298 37.159260
vt 0.000000 0.443791
vt 2.000000 0.000000
vt 0.000000 0.000000
vt 2.880224 36.719265
vt 0.000000 0.443791
vt 2.000000 0.000000
vt 0.000000 0.000000
vt 2.822298 36.279270
vt 0.000000 0.443786
vt 2.000000 0.000000
vt 0.000000 0.000000
vt 2.652466 35.869267
vt 0.000000 0.443788
vt 2.000000 0.000000
vt 0.000000 0.000000
vt 2.382305 35.517185
vt 0.000000 0.443791
vt 2.000000 0.000000
vt 0.000000 0.000000
vt 2.030224 35.247021
vt 0.000000 0.443789
vt 2.000000 0.000000
vt 0.000000 0.000000
vt 1.620216 35.077190
vt 0.000000 0.443789
vt 2.000000 0.000000
vt 0.000000 0.000000
vt 1.180223 35.019268
vt 0.000000 0.443789
vt 2.000000 0.000000
vt 0.000000 0.000000
vt 0.740231 35.077190
vt 0.000000 0.443789
vt 2.000000 0.000000
vt 0.000000 0.000000
vt 0.330223 35.247021
vt -2.000000 -0.443791
vt 2.000000 0.000000
vt 0.000000 0.000000
vt -0.021858 35.517185
vt 0.000000 -0.443788
vt -2.000000 0.000000
vt -0.292019 35.869267
vt 0.000000 -0.443785
vt 0.000000 0.000000
vt -0.461849 36.279270
vt -2.000000 0.000000
vt 0.000000 0.000000
vt 0.000000 -0.443791
vt -0.519775 36.719265
vt -0.000000 -0.443791
vt -2.000000 0.000000
vt 0.000000 0.000000
vt -0.461849 37.159260
vt -0.000000 -0.443785
vt -2.000000 0.000000
vt 0.000000 0.000000
vt -0.292019 37.569263
vt -0.000000 -0.443788
vt -2.000000 0.000000
vt 0.000000 0.000000
vt -0.021858 37.921345
vt -0.000000 -0.443791
vt -2.000000 0.000000
vt 0.000000 0.000000
vt 0.330223 38.191509
vt -0.000000 -0.443789
vt -2.000000 0.000000
vt 0.000000 0.000000
vt 0.740231 38.361340
vt -0.000000 -0.443789
vt -2.000000 0.000000
vt 0.000000 0.000000
vt 1.180223 38.419262
vt 0.000000 -0.443789
vt -2.000000 0.000000
vt 0.000000 0.000000
vt 1.620216 38.361340
vt 0.000000 -0.443789
vt -2.000000 0.000000
vt 0.000000 0.000000
vt 2.030224 38.191509
vt 0.000000 0.443791
vt -2.000000 0.000000
vt 0.000000 0.000000
vt 2.000000 70.500000
vt 0.000000 70.500000
vt 5.300001 5.300003
vt 0.000000 70.500000
vt 0.000000 0.000000
vt 5.300001 -65.199997
vt 0.000000 -59.899998
vt 0.000000 0.000000
vt 0.000000 0.000000
vt -59.900002 -59.899998
vt 0.000000 -59.900002
vt 10.000000 -59.900002
vt -59.900002 0.000000
vt 0.000000 -59.900002
vt -10.000000 0.000000
vt 0.000000 0.000000
s 0
usemtl initialShadingGroup
f 2/3/1 12/31/1 1/1/1
f 1/1/1 12/31/1 9/22/1
f 1/1/1 9/22/1 5/11/1
f 5/11/1 9/22/1 10/25/1
f 5/11/1 10/25/1 11/28/1
f 3/4/1 7/16/1 2/3/1
f 2/3/1 7/16/1 8/19/1
f 2/3/1 8/19/1 12/31/1
f 12/31/1 8/19/1 11/28/1
f 11/28/1 8/19/1 5/11/1
f 4/8/1 14/37/1 3/4/1
f 3/4/1 14/37/1 15/40/1
f 3/4/1 15/40/1 7/16/1
f 7/16/1 15/40/1 16/43/1
f 7/16/1 16/43/1 6/13/1
f 6/13/1 16/43/1 13/34/1
f 6/13/1 13/34/1 14/37/1
f 14/37/1 4/8/1 6/13/1
f 6/13/1 4/8/1 1/1/1
f 6/13/1 1/1/1 5/11/1
f 7/17/2 20/55/2 8/20/2
f 8/20/2 20/55/2 23/64/2
f 8/20/2 23/64/2 24/67/2
f 17/46/2 27/76/2 7/17/2
f 7/17/2 27/76/2 28/79/2
f 7/17/2 28/79/2 19/52/2
f 19/52/2 28/79/2 22/61/2
f 22/61/2 28/79/2 29/82/2
f 22/61/2 29/82/2 17/46/2
f 17/46/2 29/82/2 30/85/2
f 17/46/2 30/85/2 27/76/2
f 22/61/2 17/46/2 21/58/2
f 21/58/2 17/46/2 18/49/2
f 21/58/2 18/49/2 26/73/2
f 26/73/2 18/49/2 25/70/2
f 25/70/2 18/49/2 24/67/2
f 24/67/2 18/49/2 8/20/2
f 19/52/2 20/55/2 7/17/2
f 20/55/2 21/58/2 23/64/2
f 23/64/2 21/58/2 26/73/2
f 31/88/3 32/92/3 33/95/3
f 34/96/3 32/91/3 31/89/3
f 35/99/4 36/103/4 37/107/4
f 38/108/4 36/102/4 35/100/4
f 39/111/5 38/108/5 35/100/5
f 40/114/5 38/109/5 39/113/5
f 42/120/4 43/121/4 41/117/4
f 41/117/4 43/121/4 44/124/4
f 45/128/2 46/131/2 47/137/2
f 48/138/2 46/132/2 45/129/2
f 49/142/6 50/145/6 51/151/6
f 52/152/6 50/146/6 49/143/6
f 53/157/2 54/158/2 55/163/2
f 56/164/2 54/159/2 53/156/2
f 27/77/1 57/169/1 28/81/1
f 58/171/1 57/168/1 27/78/1
f 25/71/5 59/175/5 26/75/5
f 60/177/5 59/174/5 25/72/5
f 19/53/1 61/181/1 20/57/1
f 62/183/1 61/180/1 19/54/1
f 12/32/7 63/186/7 9/24/7
f 64/190/7 63/187/7 12/33/7
f 13/35/6 65/194/6 14/39/6
f 66/198/6 65/195/6 13/36/6
f 67/202/4 2/3/4 68/205/4
f 68/205/4 2/3/4 1/1/4
f 69/209/8 70/214/8 71/217/8
f 69/210/9 72/219/9 70/213/9
f 73/223/10 72/220/10 69/211/10
f 73/224/10 74/227/10 72/221/10
f 75/231/11 74/228/11 73/225/11
f 75/232/11 76/235/11 74/229/11
f 77/239/12 76/236/12 75/233/12
f 77/240/12 78/243/12 76/237/12
f 79/247/13 78/244/13 77/241/13
f 79/248/13 80/251/13 78/245/13
f 81/255/14 80/252/14 79/249/14
f 81/256/14 82/259/14 80/253/14
f 83/263/15 82/260/15 81/257/15
f 83/264/15 84/267/15 82/261/15
f 85/271/16 84/268/16 83/265/16
f 85/272/17 86/275/17 84/269/17
f 87/279/18 86/276/18 85/273/18
f 87/280/18 88/283/18 86/277/18
f 89/287/19 88/284/19 87/281/19
f 89/288/19 90/291/19 88/285/19
f 91/295/20 90/292/20 89/289/20
f 91/296/21 92/299/21 90/293/21
f 93/303/22 92/300/22 91/297/22
f 93/304/22 94/307/22 92/301/22
f 95/311/23 94/308/23 93/305/23
f 95/312/23 96/315/23 94/309/23
f 97/319/24 96/316/24 95/313/24
f 97/320/24 98/323/24 96/317/24
f 99/327/25 98/324/25 97/321/25
f 99/328/25 100/331/25 98/325/25
f 101/335/26 100/332/26 99/329/26
f 101/336/26 102/339/26 100/333/26
f 103/343/27 102/340/27 101/337/27
f 103/344/27 104/347/27 102/341/27
f 105/351/28 104/348/28 103/345/28
f 105/352/29 106/355/29 104/349/29
f 107/359/30 106/356/30 105/353/30
f 107/360/31 108/363/31 106/357/31
f 109/367/32 108/364/32 107/361/32
f 109/368/33 110/371/33 108/365/33
f 111/375/34 110/372/34 109/369/34
f 111/376/34 112/379/34 110/373/34
f 113/383/35 112/380/35 111/377/35
f 113/384/35 114/387/35 112/381/35
f 115/391/36 114/388/36 113/385/36
f 115/392/37 116/395/37 114/389/37
f 117/399/38 116/396/38 115/393/38
f 117/400/39 118/403/39 116/397/39
f 119/407/40 118/404/40 117/401/40
f 119/408/40 120/411/40 118/405/40
f 121/415/41 120/412/41 119/409/41
f 121/416/41 122/419/41 120/413/41
f 123/423/42 122/420/42 121/417/42
f 123/424/42 124/427/42 122/421/42
f 125/431/43 124/428/43 123/425/43
f 125/432/44 126/435/44 124/429/44
f 127/439/45 126/436/45 125/433/45
f 127/440/46 128/443/46 126/437/46
f 129/447/47 128/444/47 127/441/47
f 129/448/48 130/451/48 128/445/48
f 131/455/49 130/452/49 129/449/49
f 131/456/50 132/459/50 130/453/50
f 133/463/51 132/460/51 131/457/51
f 133/464/51 134/467/51 132/461/51
f 135/470/52 136/473/52 133/465/52
f 133/465/52 136/473/52 134/468/52
f 137/475/53 138/478/53 135/471/53
f 135/471/53 138/478/53 136/474/53
f 139/482/54 138/479/54 137/476/54
f 139/483/54 140/486/54 138/480/54
f 141/490/55 140/487/55 139/484/55
f 141/491/55 142/494/55 140/488/55
f 143/498/56 142/495/56 141/492/56
f 143/499/56 144/502/56 142/496/56
f 145/506/57 144/503/57 143/500/57
f 145/507/57 146/510/57 144/504/57
f 147/514/58 146/511/58 145/508/58
f 147/515/58 148/518/58 146/512/58
f 149/522/59 148/519/59 147/516/59
f 149/523/60 150/526/60 148/520/60
f 151/530/61 150/527/61 149/524/61
f 151/531/62 152/534/62 150/528/62
f 153/538/63 152/535/63 151/532/63
f 153/539/64 154/542/64 152/536/64
f 155/546/65 154/543/65 153/540/65
f 155/547/65 156/550/65 154/544/65
f 157/554/66 156/551/66 155/548/66
f 157/555/67 158/558/67 156/552/67
f 159/562/68 158/559/68 157/556/68
f 159/563/68 160/566/68 158/560/68
f 161/570/69 160/567/69 159/564/69
f 161/571/70 162/574/70 160/568/70
f 163/578/71 162/575/71 161/572/71
f 163/579/71 164/582/71 162/576/71
f 165/586/72 164/583/72 163/580/72
f 165/587/72 166/590/72 164/584/72
f 167/594/73 166/591/73 165/588/73
f 167/595/73 168/598/73 166/592/73
f 169/602/74 168/599/74 167/596/74
f 169/603/74 170/606/74 168/600/74
f 171/610/75 170/607/75 169/604/75
f 171/611/75 172/614/75 170/608/75
f 173/618/76 172/615/76 171/612/76
f 173/619/76 174/622/76 172/616/76
f 175/626/77 174/623/77 173/620/77
f 175/627/77 176/630/77 174/624/77
f 177/634/78 176/631/78 175/628/78
f 177/635/78 178/638/78 176/632/78
f 179/642/79 178/639/79 177/636/79
f 179/643/79 180/646/79 178/640/79
f 181/650/80 180/647/80 179/644/80
f 181/651/81 182/654/81 180/648/81
f 183/658/82 182/655/82 181/652/82
f 183/659/82 184/662/82 182/656/82
f 185/666/83 184/663/83 183/660/83
f 185/667/83 186/670/83 184/664/83
f 187/674/84 186/671/84 185/668/84
f 187/675/85 188/678/85 186/672/85
f 189/682/86 188/679/86 187/676/86
f 189/683/86 190/686/86 188/680/86
f 191/690/87 190/687/87 189/684/87
f 191/691/87 192/694/87 190/688/87
f 193/698/88 192/695/88 191/692/88
f 193/699/88 194/702/88 192/696/88
f 195/706/89 194/703/89 193/700/89
f 195/707/90 196/710/90 194/704/90
f 197/714/91 196/711/91 195/708/91
f 197/715/92 198/718/92 196/712/92
f 199/722/93 198/719/93 197/716/93
f 199/723/94 200/726/94 198/720/94
f 201/730/95 200/727/95 199/724/95
f 201/731/95 202/734/95 200/728/95
f 203/738/96 202/735/96 201/732/96
f 203/739/97 204/742/97 202/736/97
f 205/746/98 204/743/98 203/740/98
f 205/747/99 206/750/99 204/744/99
f 207/754/100 206/751/100 205/748/100
f 207/755/100 208/758/100 206/752/100
f 209/762/101 208/759/101 207/756/101
f 209/763/101 210/766/101 208/760/101
f 211/770/102 210/767/102 209/764/102
f 211/771/103 212/774/103 210/768/103
f 213/778/104 212/775/104 211/772/104
f 213/779/104 214/782/104 212/776/104
f 215/786/105 214/783/105 213/780/105
f 215/787/106 216/790/106 214/784/106
f 217/794/107 216/791/107 215/788/107
f 217/795/107 218/798/107 216/792/107
f 219/802/108 218/799/108 217/796/108
f 219/803/108 220/806/108 218/800/108
f 221/810/109 220/807/109 219/804/109
f 221/811/109 222/814/109 220/808/109
f 223/818/110 222/815/110 221/812/110
f 223/819/110 224/822/110 222/816/110
f 225/826/111 224/823/111 223/820/111
f 225/827/111 226/830/111 224/824/111
f 227/834/112 226/831/112 225/828/112
f 227/835/113 228/838/113 226/832/113
f 229/842/114 228/839/114 227/836/114
f 229/843/115 230/846/115 228/840/115
f 231/850/116 230/847/116 229/844/116
f 231/851/116 232/854/116 230/848/116
f 233/858/117 232/855/117 231/852/117
f 233/859/117 234/862/117 232/856/117
f 235/866/118 234/863/118 233/860/118
f 235/867/119 236/870/119 234/864/119
f 237/874/120 236/871/120 235/868/120
f 237/875/120 238/878/120 236/872/120
f 71/216/121 238/879/121 237/876/121
f 70/214/121 238/880/121 71/217/121
f 239/882/122 240/887/122 241/890/122
f 239/883/122 242/892/122 240/886/122
f 243/896/123 242/893/123 239/884/123
f 243/897/123 244/900/123 242/894/123
f 245/904/124 244/901/124 243/898/124
f 245/905/124 246/908/124 244/902/124
f 247/912/125 246/909/125 245/906/125
f 247/913/125 248/916/125 246/910/125
f 249/920/126 248/917/126 247/914/126
f 249/921/127 250/924/127 248/918/127
f 251/928/128 250/925/128 249/922/128
f 251/929/129 252/932/129 250/926/129
f 253/936/130 252/933/130 251/930/130
f 253/937/130 254/940/130 252/934/130
f 255/944/131 254/941/131 253/938/131
f 255/945/132 256/948/132 254/942/132
f 257/952/133 256/949/133 255/946/133
f 257/953/133 258/956/133 256/950/133
f 259/960/134 258/957/134 257/954/134
f 259/961/135 260/964/135 258/958/135
f 261/968/136 260/965/136 259/962/136
f 261/969/137 262/972/137 260/966/137
f 263/976/138 262/973/138 261/970/138
f 263/977/139 264/980/139 262/974/139
f 265/984/140 264/981/140 263/978/140
f 265/985/140 266/988/140 264/982/140
f 267/992/141 266/989/141 265/986/141
f 267/993/141 268/996/141 266/990/141
f 269/1000/142 268/997/142 267/994/142
f 269/1001/143 270/1004/143 268/998/143
f 271/1008/144 270/1005/144 269/1002/144
f 271/1009/145 272/1012/145 270/1006/145
f 273/1016/146 272/1013/146 271/1010/146
f 273/1017/147 274/1020/147 272/1014/147
f 275/1024/148 274/1021/148 273/1018/148
f 275/1025/149 276/1028/149 274/1022/149
f 277/1032/150 276/1029/150 275/1026/150
f 277/1033/150 278/1036/150 276/1030/150
f 279/1040/151 278/1037/151 277/1034/151
f 279/1041/152 280/1044/152 278/1038/152
f 281/1048/153 280/1045/153 279/1042/153
f 281/1049/154 282/1052/154 280/1046/154
f 283/1056/155 282/1053/155 281/1050/155
f 283/1057/156 284/1060/156 282/1054/156
f 285/1064/157 284/1061/157 283/1058/157
f 285/1065/157 286/1068/157 284/1062/157
f 287/1072/158 286/1069/158 285/1066/158
f 287/1073/158 288/1076/158 286/1070/158
f 289/1080/159 288/1077/159 287/1074/159
f 289/1081/159 290/1084/159 288/1078/159
f 291/1088/160 290/1085/160 289/1082/160
f 291/1089/160 292/1092/160 290/1086/160
f 293/1096/161 292/1093/161 291/1090/161
f 293/1097/161 294/1100/161 292/1094/161
f 295/1104/162 294/1101/162 293/1098/162
f 295/1105/162 296/1108/162 294/1102/162
f 297/1112/163 296/1109/163 295/1106/163
f 297/1113/163 298/1116/163 296/1110/163
f 299/1120/164 298/1117/164 297/1114/164
f 299/1121/164 300/1124/164 298/1118/164
f 301/1128/165 300/1125/165 299/1122/165
f 301/1129/166 302/1132/166 300/1126/166
f 303/1136/167 302/1133/167 301/1130/167
f 303/1137/168 304/1140/168 302/1134/168
f 305/1144/169 304/1141/169 303/1138/169
f 305/1145/170 306/1148/170 304/1142/170
f 307/1152/171 306/1149/171 305/1146/171
f 307/1153/171 308/1156/171 306/1150/171
f 309/1160/172 308/1157/172 307/1154/172
f 309/1161/173 310/1164/173 308/1158/173
f 311/1168/174 310/1165/174 309/1162/174
f 311/1169/174 312/1172/174 310/1166/174
f 313/1176/175 312/1173/175 311/1170/175
f 313/1177/176 314/1180/176 312/1174/176
f 315/1184/177 314/1181/177 313/1178/177
f 315/1185/178 316/1188/178 314/1182/178
f 317/1192/179 316/1189/179 315/1186/179
f 317/1193/179 318/1196/179 316/1190/179
f 319/1200/180 318/1197/180 317/1194/180
f 319/1201/180 320/1204/180 318/1198/180
f 321/1208/181 320/1205/181 319/1202/181
f 321/1209/182 322/1212/182 320/1206/182
f 323/1216/183 322/1213/183 321/1210/183
f 323/1217/184 324/1220/184 322/1214/184
f 325/1224/185 324/1221/185 323/1218/185
f 325/1225/186 326/1228/186 324/1222/186
f 327/1232/187 326/1229/187 325/1226/187
f 327/1233/188 328/1236/188 326/1230/188
f 329/1240/189 328/1237/189 327/1234/189
f 329/1241/190 330/1244/190 328/1238/190
f 331/1248/191 330/1245/191 329/1242/191
f 331/1249/191 332/1252/191 330/1246/191
f 333/1256/192 332/1253/192 331/1250/192
f 333/1257/192 334/1260/192 332/1254/192
f 335/1264/193 334/1261/193 333/1258/193
f 335/1265/193 336/1268/193 334/1262/193
f 337/1272/194 336/1269/194 335/1266/194
f 337/1273/194 338/1276/194 336/1270/194
f 339/1280/195 338/1277/195 337/1274/195
f 339/1281/195 340/1284/195 338/1278/195
f 341/1288/196 340/1285/196 339/1282/196
f 341/1289/196 342/1292/196 340/1286/196
f 343/1295/197 344/1298/197 341/1290/197
f 341/1290/197 344/1298/197 342/1293/197
f 344/1299/198 343/1296/198 346/1304/198
f 346/1304/199 343/1296/199 345/1301/199
f 347/1308/200 346/1305/200 345/1302/200
f 347/1309/201 348/1312/201 346/1306/201
f 349/1316/202 348/1313/202 347/1310/202
f 349/1317/202 350/1320/202 348/1314/202
f 351/1324/203 350/1321/203 349/1318/203
f 351/1325/203 352/1328/203 350/1322/203
f 353/1332/204 352/1329/204 351/1326/204
f 353/1333/205 354/1336/205 352/1330/205
f 355/1340/206 354/1337/206 353/1334/206
f 355/1341/206 356/1344/206 354/1338/206
f 357/1348/207 356/1345/207 355/1342/207
f 357/1349/207 358/1352/207 356/1346/207
f 359/1356/208 358/1353/208 357/1350/208
f 359/1357/209 360/1360/209 358/1354/209
f 361/1364/210 360/1361/210 359/1358/210
f 361/1365/211 362/1368/211 360/1362/211
f 363/1372/212 362/1369/212 361/1366/212
f 363/1373/212 364/1376/212 362/1370/212
f 365/1380/213 364/1377/213 363/1374/213
f 365/1381/213 366/1384/213 364/1378/213
f 367/1388/214 366/1385/214 365/1382/214
f 367/1389/214 368/1392/214 366/1386/214
f 369/1396/215 368/1393/215 367/1390/215
f 369/1397/215 370/1400/215 368/1394/215
f 371/1404/216 370/1401/216 369/1398/216
f 371/1405/216 372/1408/216 370/1402/216
f 373/1412/217 372/1409/217 371/1406/217
f 373/1413/217 374/1416/217 372/1410/217
f 375/1420/218 374/1417/218 373/1414/218
f 375/1421/218 376/1424/218 374/1418/218
f 377/1428/219 376/1425/219 375/1422/219
f 377/1429/220 378/1432/220 376/1426/220
f 379/1436/221 378/1433/221 377/1430/221
f 379/1437/221 380/1440/221 378/1434/221
f 381/1444/222 380/1441/222 379/1438/222
f 381/1445/222 382/1448/222 380/1442/222
f 241/889/223 382/1449/223 381/1446/223
f 240/887/224 382/1450/224 241/890/224
f 383/1452/225 384/1457/225 385/1460/225
f 383/1453/226 386/1462/226 384/1456/226
f 387/1466/227 386/1463/227 383/1454/227
f 387/1467/228 388/1470/228 386/1464/228
f 389/1474/229 388/1471/229 387/1468/229
f 389/1475/230 390/1478/230 388/1472/230
f 391/1482/231 390/1479/231 389/1476/231
f 391/1483/231 392/1486/231 390/1480/231
f 393/1490/232 392/1487/232 391/1484/232
f 393/1491/232 394/1494/232 392/1488/232
f 395/1498/233 394/1495/233 393/1492/233
f 395/1499/234 396/1502/234 394/1496/234
f 397/1506/235 396/1503/235 395/1500/235
f 397/1507/235 398/1510/235 396/1504/235
f 399/1514/236 398/1511/236 397/1508/236
f 399/1515/236 400/1518/236 398/1512/236
f 401/1522/237 400/1519/237 399/1516/237
f 401/1523/237 402/1526/237 400/1520/237
f 403/1530/238 402/1527/238 401/1524/238
f 403/1531/238 404/1534/238 402/1528/238
f 405/1538/239 404/1535/239 403/1532/239
f 405/1539/239 406/1542/239 404/1536/239
f 407/1546/240 406/1543/240 405/1540/240
f 407/1547/240 408/1550/240 406/1544/240
f 409/1554/241 408/1551/241 407/1548/241
f 409/1555/242 410/1558/242 408/1552/242
f 411/1562/243 410/1559/243 409/1556/243
f 411/1563/244 412/1566/244 410/1560/244
f 413/1570/245 412/1567/245 411/1564/245
f 413/1571/245 414/1574/245 412/1568/245
f 415/1578/246 414/1575/246 413/1572/246
f 415/1579/246 416/1582/246 414/1576/246
f 417/1586/247 416/1583/247 415/1580/247
f 417/1587/247 418/1590/247 416/1584/247
f 419/1594/248 418/1591/248 417/1588/248
f 419/1595/248 420/1598/248 418/1592/248
f 421/1602/249 420/1599/249 419/1596/249
f 421/1603/250 422/1606/250 420/1600/250
f 423/1610/251 422/1607/251 421/1604/251
f 423/1611/252 424/1614/252 422/1608/252
f 425/1618/253 424/1615/253 423/1612/253
f 425/1619/253 426/1622/253 424/1616/253
f 427/1626/252 426/1623/252 425/1620/252
f 427/1627/252 428/1630/252 426/1624/252
f 429/1634/254 428/1631/254 427/1628/254
f 429/1635/254 430/1638/254 428/1632/254
f 431/1642/255 430/1639/255 429/1636/255
f 431/1643/255 432/1646/255 430/1640/255
f 433/1650/256 432/1647/256 431/1644/256
f 433/1651/257 434/1654/257 432/1648/257
f 435/1658/258 434/1655/258 433/1652/258
f 435/1659/259 436/1662/259 434/1656/259
f 437/1666/260 436/1663/260 435/1660/260
f 437/1667/260 438/1670/260 436/1664/260
f 439/1674/261 438/1671/261 437/1668/261
f 439/1675/262 440/1678/262 438/1672/262
f 441/1682/263 440/1679/263 439/1676/263
f 441/1683/263 442/1686/263 440/1680/263
f 443/1690/264 442/1687/264 441/1684/264
f 443/1691/264 444/1694/264 442/1688/264
f 445/1698/265 444/1695/265 443/1692/265
f 445/1699/265 446/1702/265 444/1696/265
f 447/1706/266 446/1703/266 445/1700/266
f 447/1707/266 448/1710/266 446/1704/266
f 449/1714/267 448/1711/267 447/1708/267
f 449/1715/267 450/1718/267 448/1712/267
f 451/1722/268 450/1719/268 449/1716/268
f 451/1723/268 452/1726/268 450/1720/268
f 453/1730/269 452/1727/269 451/1724/269
f 453/1731/269 454/1734/269 452/1728/269
f 455/1738/270 454/1735/270 453/1732/270
f 455/1739/270 456/1742/270 454/1736/270
f 457/1746/271 456/1743/271 455/1740/271
f 457/1747/272 458/1750/272 456/1744/272
f 459/1754/273 458/1751/273 457/1748/273
f 459/1755/273 460/1758/273 458/1752/273
f 461/1762/274 460/1759/274 459/1756/274
f 461/1763/274 462/1766/274 460/1760/274
f 463/1770/275 462/1767/275 461/1764/275
f 463/1771/275 464/1774/275 462/1768/275
f 465/1778/276 464/1775/276 463/1772/276
f 465/1779/276 466/1782/276 464/1776/276
f 467/1786/277 466/1783/277 465/1780/277
f 467/1787/278 468/1790/278 466/1784/278
f 469/1794/279 468/1791/279 467/1788/279
f 469/1795/280 470/1798/280 468/1792/280
f 471/1802/281 470/1799/281 469/1796/281
f 471/1803/282 472/1806/282 470/1800/282
f 473/1810/283 472/1807/283 471/1804/283
f 473/1811/283 474/1814/283 472/1808/283
f 475/1818/284 474/1815/284 473/1812/284
f 475/1819/285 476/1822/285 474/1816/285
f 477/1826/286 476/1823/286 475/1820/286
f 477/1827/287 478/1830/287 476/1824/287
f 479/1834/288 478/1831/288 477/1828/288
f 479/1835/289 480/1838/289 478/1832/289
f 481/1842/290 480/1839/290 479/1836/290
f 481/1843/290 482/1846/290 480/1840/290
f 483/1850/291 482/1847/291 481/1844/291
f 483/1851/291 484/1854/291 482/1848/291
f 485/1858/292 484/1855/292 483/1852/292
f 485/1859/292 486/1862/292 484/1856/292
f 487/1866/293 486/1863/293 485/1860/293
f 487/1867/293 488/1870/293 486/1864/293
f 489/1874/294 488/1871/294 487/1868/294
f 489/1875/294 490/1878/294 488/1872/294
f 491/1882/295 490/1879/295 489/1876/295
f 491/1883/295 492/1886/295 490/1880/295
f 493/1890/296 492/1887/296 491/1884/296
f 493/1891/297 494/1894/297 492/1888/297
f 495/1898/298 494/1895/298 493/1892/298
f 495/1899/298 496/1902/298 494/1896/298
f 497/1906/299 496/1903/299 495/1900/299
f 497/1907/299 498/1910/299 496/1904/299
f 499/1914/300 498/1911/300 497/1908/300
f 499/1915/300 500/1918/300 498/1912/300
f 501/1922/301 500/1919/301 499/1916/301
f 501/1923/301 502/1926/301 500/1920/301
f 503/1930/302 502/1927/302 501/1924/302
f 503/1931/302 504/1934/302 502/1928/302
f 505/1938/303 504/1935/303 503/1932/303
f 505/1939/303 506/1942/303 504/1936/303
f 507/1946/304 506/1943/304 505/1940/304
f 507/1947/304 508/1950/304 506/1944/304
f 509/1954/305 508/1951/305 507/1948/305
f 509/1955/305 510/1958/305 508/1952/305
f 511/1962/306 510/1959/306 509/1956/306
f 511/1963/306 512/1966/306 510/1960/306
f 513/1970/307 512/1967/307 511/1964/307
f 513/1971/308 514/1974/308 512/1968/308
f 515/1978/309 514/1975/309 513/1972/309
f 515/1979/310 516/1982/310 514/1976/310
f 517/1986/311 516/1983/311 515/1980/311
f 517/1987/311 518/1990/311 516/1984/311
f 519/1994/312 518/1991/312 517/1988/312
f 519/1995/312 520/1998/312 518/1992/312
f 521/2002/313 520/1999/313 519/1996/313
f 521/2003/313 522/2006/313 520/2000/313
f 523/2010/314 522/2007/314 521/2004/314
f 523/2011/314 524/2014/314 522/2008/314
f 525/2018/315 524/2015/315 523/2012/315
f 525/2019/316 526/2022/316 524/2016/316
f 527/2026/317 526/2023/317 525/2020/317
f 527/2027/317 528/2030/317 526/2024/317
f 529/2034/318 528/2031/318 527/2028/318
f 529/2035/318 530/2038/318 528/2032/318
f 531/2042/319 530/2039/319 529/2036/319
f 531/2043/319 532/2046/319 530/2040/319
f 533/2050/320 532/2047/320 531/2044/320
f 533/2051/321 534/2054/321 532/2048/321
f 535/2058/322 534/2055/322 533/2052/322
f 535/2059/322 536/2062/322 534/2056/322
f 537/2066/323 536/2063/323 535/2060/323
f 537/2067/320 538/2070/320 536/2064/320
f 539/2074/324 538/2071/324 537/2068/324
f 539/2075/325 540/2078/325 538/2072/325
f 541/2082/326 540/2079/326 539/2076/326
f 541/2083/327 542/2086/327 540/2080/327
f 543/2090/328 542/2087/328 541/2084/328
f 543/2091/328 544/2094/328 542/2088/328
f 545/2098/329 544/2095/329 543/2092/329
f 545/2099/330 546/2102/330 544/2096/330
f 547/2106/331 546/2103/331 545/2100/331
f 547/2107/332 548/2110/332 546/2104/332
f 549/2114/333 548/2111/333 547/2108/333
f 549/2115/333 550/2118/333 548/2112/333
f 551/2122/334 550/2119/334 549/2116/334
f 551/2123/334 552/2126/334 550/2120/334
f 553/2130/335 552/2127/335 551/2124/335
f 553/2131/336 554/2134/336 552/2128/336
f 555/2138/337 554/2135/337 553/2132/337
f 555/2139/338 556/2142/338 554/2136/338
f 557/2146/339 556/2143/339 555/2140/339
f 557/2147/339 558/2150/339 556/2144/339
f 559/2154/340 558/2151/340 557/2148/340
f 559/2155/340 560/2158/340 558/2152/340
f 561/2162/341 560/2159/341 559/2156/341
f 561/2163/341 562/2166/341 560/2160/341
f 563/2170/342 562/2167/342 561/2164/342
f 563/2171/342 564/2174/342 562/2168/342
f 565/2178/343 564/2175/343 563/2172/343
f 565/2179/343 566/2182/343 564/2176/343
f 567/2186/344 566/2183/344 565/2180/344
f 567/2187/344 568/2190/344 566/2184/344
f 569/2194/345 568/2191/345 567/2188/345
f 569/2195/345 570/2198/345 568/2192/345
f 571/2202/346 570/2199/346 569/2196/346
f 571/2203/347 572/2206/347 570/2200/347
f 573/2210/348 572/2207/348 571/2204/348
f 573/2211/349 574/2214/349 572/2208/349
f 575/2218/350 574/2215/350 573/2212/350
f 575/2219/350 576/2222/350 574/2216/350
f 577/2226/351 576/2223/351 575/2220/351
f 577/2227/351 578/2230/351 576/2224/351
f 579/2234/352 578/2231/352 577/2228/352
f 579/2235/352 580/2238/352 578/2232/352
f 581/2242/353 580/2239/353 579/2236/353
f 581/2243/353 582/2246/353 580/2240/353
f 583/2250/354 582/2247/354 581/2244/354
f 583/2251/355 584/2254/355 582/2248/355
f 585/2258/356 584/2255/356 583/2252/356
f 585/2259/357 586/2262/357 584/2256/357
f 587/2266/358 586/2263/358 585/2260/358
f 587/2267/358 588/2270/358 586/2264/358
f 589/2274/359 588/2271/359 587/2268/359
f 589/2275/359 590/2278/359 588/2272/359
f 591/2282/360 590/2279/360 589/2276/360
f 591/2283/361 592/2286/361 590/2280/361
f 593/2290/362 592/2287/362 591/2284/362
f 593/2291/363 594/2294/363 592/2288/363
f 595/2298/364 594/2295/364 593/2292/364
f 595/2299/365 596/2302/365 594/2296/365
f 597/2306/366 596/2303/366 595/2300/366
f 597/2307/366 598/2310/366 596/2304/366
f 385/1459/367 598/2311/367 597/2308/367
f 384/1457/367 598/2312/367 385/1460/367
f 599/2314/368 600/2319/368 601/2322/368
f 599/2315/369 602/2324/369 600/2318/369
f 603/2328/370 602/2325/370 599/2316/370
f 603/2329/370 604/2332/370 602/2326/370
f 605/2336/371 604/2333/371 603/2330/371
f 605/2337/372 606/2340/372 604/2334/372
f 607/2344/373 606/2341/373 605/2338/373
f 607/2345/373 608/2348/373 606/2342/373
f 609/2352/374 608/2349/374 607/2346/374
f 609/2353/374 610/2356/374 608/2350/374
f 611/2360/375 610/2357/375 609/2354/375
f 611/2361/375 612/2364/375 610/2358/375
f 613/2368/376 612/2365/376 611/2362/376
f 613/2369/376 614/2372/376 612/2366/376
f 615/2376/377 614/2373/377 613/2370/377
f 615/2377/378 616/2380/378 614/2374/378
f 617/2384/379 616/2381/379 615/2378/379
f 617/2385/379 618/2388/379 616/2382/379
f 619/2392/380 618/2389/380 617/2386/380
f 619/2393/380 620/2396/380 618/2390/380
f 621/2400/381 620/2397/381 619/2394/381
f 621/2401/382 622/2404/382 620/2398/382
f 623/2408/383 622/2405/383 621/2402/383
f 623/2409/383 624/2412/383 622/2406/383
f 625/2416/384 624/2413/384 623/2410/384
f 625/2417/384 626/2420/384 624/2414/384
f 627/2424/385 626/2421/385 625/2418/385
f 627/2425/385 628/2428/385 626/2422/385
f 629/2432/386 628/2429/386 627/2426/386
f 629/2433/386 630/2436/386 628/2430/386
f 631/2440/387 630/2437/387 629/2434/387
f 631/2441/388 632/2444/388 630/2438/388
f 633/2448/389 632/2445/389 631/2442/389
f 633/2449/390 634/2452/390 632/2446/390
f 635/2456/391 634/2453/391 633/2450/391
f 635/2457/391 636/2460/391 634/2454/391
f 637/2464/392 636/2461/392 635/2458/392
f 637/2465/393 638/2468/393 636/2462/393
f 639/2472/394 638/2469/394 637/2466/394
f 639/2473/394 640/2476/394 638/2470/394
f 641/2480/395 640/2477/395 639/2474/395
f 641/2481/395 642/2484/395 640/2478/395
f 643/2488/396 642/2485/396 641/2482/396
f 643/2489/396 644/2492/396 642/2486/396
f 645/2496/397 644/2493/397 643/2490/397
f 645/2497/397 646/2500/397 644/2494/397
f 647/2504/398 646/2501/398 645/2498/398
f 647/2505/398 648/2508/398 646/2502/398
f 649/2512/399 648/2509/399 647/2506/399
f 649/2513/400 650/2516/400 648/2510/400
f 651/2520/401 650/2517/401 649/2514/401
f 651/2521/401 652/2524/401 650/2518/401
f 653/2528/402 652/2525/402 651/2522/402
f 653/2529/403 654/2532/403 652/2526/403
f 655/2536/404 654/2533/404 653/2530/404
f 655/2537/404 656/2540/404 654/2534/404
f 657/2544/405 656/2541/405 655/2538/405
f 657/2545/405 658/2548/405 656/2542/405
f 659/2552/406 658/2549/406 657/2546/406
f 659/2553/406 660/2556/406 658/2550/406
f 661/2560/407 660/2557/407 659/2554/407
f 661/2561/407 662/2564/407 660/2558/407
f 663/2568/408 662/2565/408 661/2562/408
f 663/2569/408 664/2572/408 662/2566/408
f 665/2576/409 664/2573/409 663/2570/409
f 665/2577/410 666/2580/410 664/2574/410
f 667/2584/411 666/2581/411 665/2578/411
f 667/2585/412 668/2588/412 666/2582/412
f 669/2592/413 668/2589/413 667/2586/413
f 669/2593/413 670/2596/413 668/2590/413
f 671/2600/414 670/2597/414 669/2594/414
f 671/2601/414 672/2604/414 670/2598/414
f 673/2608/415 672/2605/415 671/2602/415
f 673/2609/415 674/2612/415 672/2606/415
f 675/2616/416 674/2613/416 673/2610/416
f 675/2617/417 676/2620/417 674/2614/417
f 677/2624/418 676/2621/418 675/2618/418
f 677/2625/419 678/2628/419 676/2622/419
f 679/2632/420 678/2629/420 677/2626/420
f 679/2633/421 680/2636/421 678/2630/421
f 681/2640/422 680/2637/422 679/2634/422
f 681/2641/423 682/2644/423 680/2638/423
f 683/2648/424 682/2645/424 681/2642/424
f 683/2649/424 684/2652/424 682/2646/424
f 685/2656/425 684/2653/425 683/2650/425
f 685/2657/426 686/2660/426 684/2654/426
f 687/2664/427 686/2661/427 685/2658/427
f 687/2665/427 688/2668/427 686/2662/427
f 689/2672/428 688/2669/428 687/2666/428
f 689/2673/428 690/2676/428 688/2670/428
f 691/2680/429 690/2677/429 689/2674/429
f 691/2681/430 692/2684/430 690/2678/430
f 693/2688/431 692/2685/431 691/2682/431
f 693/2689/431 694/2692/431 692/2686/431
f 695/2696/432 694/2693/432 693/2690/432
f 695/2697/432 696/2700/432 694/2694/432
f 697/2704/433 696/2701/433 695/2698/433
f 697/2705/433 698/2708/433 696/2702/433
f 699/2712/434 698/2709/434 697/2706/434
f 699/2713/435 700/2716/435 698/2710/435
f 701/2720/436 700/2717/436 699/2714/436
f 701/2721/437 702/2724/437 700/2718/437
f 703/2728/438 702/2725/438 701/2722/438
f 703/2729/438 704/2732/438 702/2726/438
f 705/2736/439 704/2733/439 703/2730/439
f 705/2737/439 706/2740/439 704/2734/439
f 707/2744/440 706/2741/440 705/2738/440
f 707/2745/441 708/2748/441 706/2742/441
f 709/2752/442 708/2749/442 707/2746/442
f 709/2753/442 710/2756/442 708/2750/442
f 711/2760/443 710/2757/443 709/2754/443
f 711/2761/443 712/2764/443 710/2758/443
f 713/2768/444 712/2765/444 711/2762/444
f 713/2769/444 714/2772/444 712/2766/444
f 715/2776/445 714/2773/445 713/2770/445
f 715/2777/446 716/2780/446 714/2774/446
f 717/2784/447 716/2781/447 715/2778/447
f 717/2785/447 718/2788/447 716/2782/447
f 719/2792/448 718/2789/448 717/2786/448
f 719/2793/449 720/2796/449 718/2790/449
f 721/2800/450 720/2797/450 719/2794/450
f 721/2801/451 722/2804/451 720/2798/451
f 723/2808/452 722/2805/452 721/2802/452
f 723/2809/452 724/2812/452 722/2806/452
f 725/2816/453 724/2813/453 723/2810/453
f 725/2817/454 726/2820/454 724/2814/454
f 727/2824/455 726/2821/455 725/2818/455
f 727/2825/455 728/2828/455 726/2822/455
f 729/2832/456 728/2829/456 727/2826/456
f 729/2833/457 730/2836/457 728/2830/457
f 731/2840/458 730/2837/458 729/2834/458
f 731/2841/458 732/2844/458 730/2838/458
f 733/2848/459 732/2845/459 731/2842/459
f 733/2849/460 734/2852/460 732/2846/460
f 735/2856/461 734/2853/461 733/2850/461
f 735/2857/462 736/2860/462 734/2854/462
f 737/2864/463 736/2861/463 735/2858/463
f 737/2865/464 738/2868/464 736/2862/464
f 739/2872/465 738/2869/465 737/2866/465
f 739/2873/466 740/2876/466 738/2870/466
f 741/2880/467 740/2877/467 739/2874/467
f 741/2881/468 742/2884/468 740/2878/468
f 743/2888/469 742/2885/469 741/2882/469
f 743/2889/470 744/2892/470 742/2886/470
f 745/2896/471 744/2893/471 743/2890/471
f 745/2897/472 746/2900/472 744/2894/472
f 747/2904/467 746/2901/467 745/2898/467
f 747/2905/473 748/2908/473 746/2902/473
f 749/2912/474 748/2909/474 747/2906/474
f 749/2913/474 750/2916/474 748/2910/474
f 751/2920/475 750/2917/475 749/2914/475
f 751/2921/475 752/2924/475 750/2918/475
f 753/2928/476 752/2925/476 751/2922/476
f 753/2929/477 754/2932/477 752/2926/477
f 755/2936/478 754/2933/478 753/2930/478
f 755/2937/478 756/2940/478 754/2934/478
f 757/2944/479 756/2941/479 755/2938/479
f 757/2945/479 758/2948/479 756/2942/479
f 759/2952/480 758/2949/480 757/2946/480
f 759/2953/480 760/2956/480 758/2950/480
f 761/2960/481 760/2957/481 759/2954/481
f 761/2961/481 762/2964/481 760/2958/481
f 763/2968/482 762/2965/482 761/2962/482
f 763/2969/483 764/2972/483 762/2966/483
f 765/2976/484 764/2973/484 763/2970/484
f 765/2977/485 766/2980/485 764/2974/485
f 767/2984/486 766/2981/486 765/2978/486
f 767/2985/486 768/2988/486 766/2982/486
f 769/2992/487 768/2989/487 767/2986/487
f 769/2993/487 770/2996/487 768/2990/487
f 771/3000/488 770/2997/488 769/2994/488
f 771/3001/489 772/3004/489 770/2998/489
f 773/3008/490 772/3005/490 771/3002/490
f 773/3009/490 774/3012/490 772/3006/490
f 775/3016/491 774/3013/491 773/3010/491
f 775/3017/491 776/3020/491 774/3014/491
f 777/3024/492 776/3021/492 775/3018/492
f 777/3025/493 778/3028/493 776/3022/493
f 779/3032/494 778/3029/494 777/3026/494
f 779/3033/494 780/3036/494 778/3030/494
f 781/3040/495 780/3037/495 779/3034/495
f 781/3041/496 782/3044/496 780/3038/496
f 783/3048/75 782/3045/75 781/3042/75
f 783/3049/497 784/3052/497 782/3046/497
f 785/3056/498 784/3053/498 783/3050/498
f 785/3057/499 786/3060/499 784/3054/499
f 787/3064/500 786/3061/500 785/3058/500
f 787/3065/500 788/3068/500 786/3062/500
f 789/3072/501 788/3069/501 787/3066/501
f 789/3073/501 790/3076/501 788/3070/501
f 791/3080/502 790/3077/502 789/3074/502
f 791/3081/503 792/3084/503 790/3078/503
f 793/3088/504 792/3085/504 791/3082/504
f 793/3089/504 794/3092/504 792/3086/504
f 795/3096/505 794/3093/505 793/3090/505
f 795/3097/505 796/3100/505 794/3094/505
f 797/3104/506 796/3101/506 795/3098/506
f 797/3105/506 798/3108/506 796/3102/506
f 799/3112/507 798/3109/507 797/3106/507
f 799/3113/507 800/3116/507 798/3110/507
f 801/3120/508 800/3117/508 799/3114/508
f 801/3121/509 802/3124/509 800/3118/509
f 803/3128/510 802/3125/510 801/3122/510
f 803/3129/511 804/3132/511 802/3126/511
f 805/3136/512 804/3133/512 803/3130/512
f 805/3137/512 806/3140/512 804/3134/512
f 807/3144/513 806/3141/513 805/3138/513
f 807/3145/513 808/3148/513 806/3142/513
f 809/3152/514 808/3149/514 807/3146/514
f 809/3153/515 810/3156/515 808/3150/515
f 811/3160/516 810/3157/516 809/3154/516
f 811/3161/516 812/3164/516 810/3158/516
f 813/3168/517 812/3165/517 811/3162/517
f 813/3169/517 814/3172/517 812/3166/517
f 815/3176/518 814/3173/518 813/3170/518
f 815/3177/518 816/3180/518 814/3174/518
f 817/3184/519 816/3181/519 815/3178/519
f 817/3185/520 818/3188/520 816/3182/520
f 819/3192/521 818/3189/521 817/3186/521
f 819/3193/522 820/3196/522 818/3190/522
f 821/3200/523 820/3197/523 819/3194/523
f 821/3201/523 822/3204/523 820/3198/523
f 823/3208/524 822/3205/524 821/3202/524
f 823/3209/524 824/3212/524 822/3206/524
f 825/3216/525 824/3213/525 823/3210/525
f 825/3217/526 826/3220/526 824/3214/526
f 827/3224/527 826/3221/527 825/3218/527
f 827/3225/528 828/3228/528 826/3222/528
f 829/3232/529 828/3229/529 827/3226/529
f 829/3233/529 830/3236/529 828/3230/529
f 831/3240/530 830/3237/530 829/3234/530
f 831/3241/531 832/3244/531 830/3238/531
f 833/3248/532 832/3245/532 831/3242/532
f 833/3249/532 834/3252/532 832/3246/532
f 835/3256/533 834/3253/533 833/3250/533
f 835/3257/533 836/3260/533 834/3254/533
f 837/3264/534 836/3261/534 835/3258/534
f 837/3265/535 838/3268/535 836/3262/535
f 839/3272/536 838/3269/536 837/3266/536
f 839/3273/536 840/3276/536 838/3270/536
f 841/3280/537 840/3277/537 839/3274/537
f 841/3281/537 842/3284/537 840/3278/537
f 843/3288/538 842/3285/538 841/3282/538
f 843/3289/538 844/3292/538 842/3286/538
f 845/3296/539 844/3293/539 843/3290/539
f 845/3297/539 846/3300/539 844/3294/539
f 847/3304/540 846/3301/540 845/3298/540
f 847/3305/540 848/3308/540 846/3302/540
f 849/3312/541 848/3309/541 847/3306/541
f 849/3313/542 850/3316/542 848/3310/542
f 851/3320/543 850/3317/543 849/3314/543
f 851/3321/543 852/3324/543 850/3318/543
f 853/3328/544 852/3325/544 851/3322/544
f 853/3329/545 854/3332/545 852/3326/545
f 855/3336/546 854/3333/546 853/3330/546
f 855/3337/546 856/3340/546 854/3334/546
f 857/3344/547 856/3341/547 855/3338/547
f 857/3345/548 858/3348/548 856/3342/548
f 859/3352/549 858/3349/549 857/3346/549
f 859/3353/550 860/3356/550 858/3350/550
f 861/3360/551 860/3357/551 859/3354/551
f 861/3361/551 862/3364/551 860/3358/551
f 601/2321/552 862/3365/552 861/3362/552
f 600/2319/552 862/3366/552 601/2322/552
f 422/1609/553 816/3183/553 420/1601/553
f 420/1601/553 816/3183/553 818/3191/553
f 420/1601/553 818/3191/553 820/3199/553
f 816/3183/553 422/1609/553 814/3175/553
f 814/3175/553 422/1609/553 424/1617/553
f 814/3175/553 424/1617/553 812/3167/553
f 812/3167/553 424/1617/553 426/1625/553
f 812/3167/553 426/1625/553 810/3159/553
f 810/3159/553 426/1625/553 428/1633/553
f 810/3159/553 428/1633/553 808/3151/553
f 808/3151/553 428/1633/553 430/1641/553
f 808/3151/553 430/1641/553 806/3143/553
f 806/3143/553 430/1641/553 432/1649/553
f 806/3143/553 432/1649/553 804/3135/553
f 804/3135/553 432/1649/553 434/1657/553
f 804/3135/553 434/1657/553 802/3127/553
f 802/3127/553 434/1657/553 436/1665/553
f 802/3127/553 436/1665/553 800/3119/553
f 800/3119/553 436/1665/553 438/1673/553
f 800/3119/553 438/1673/553 440/1681/553
f 800/3119/553 440/1681/553 798/3111/553
f 798/3111/553 440/1681/553 442/1689/553
f 798/3111/553 442/1689/553 796/3103/553
f 796/3103/553 442/1689/553 444/1697/553
f 796/3103/553 444/1697/553 794/3095/553
f 794/3095/553 444/1697/553 792/3087/553
f 792/3087/553 444/1697/553 446/1705/553
f 792/3087/553 446/1705/553 790/3079/553
f 790/3079/553 446/1705/553 788/3071/553
f 788/3071/553 446/1705/553 448/1713/553
f 788/3071/553 448/1713/553 786/3063/553
f 786/3063/553 448/1713/553 784/3055/553
f 784/3055/553 448/1713/553 450/1721/553
f 784/3055/553 450/1721/553 782/3047/553
f 782/3047/553 450/1721/553 452/1729/553
f 782/3047/553 452/1729/553 780/3039/553
f 780/3039/553 452/1729/553 778/3031/553
f 778/3031/553 452/1729/553 454/1737/553
f 778/3031/553 454/1737/553 776/3023/553
f 776/3023/553 454/1737/553 774/3015/553
f 774/3015/553 454/1737/553 456/1745/553
f 774/3015/553 456/1745/553 772/3007/553
f 772/3007/553 456/1745/553 770/2999/553
f 770/2999/553 456/1745/553 458/1753/553
f 770/2999/553 458/1753/553 768/2991/553
f 768/2991/553 458/1753/553 460/1761/553
f 768/2991/553 460/1761/553 766/2983/553
f 766/2983/553 460/1761/553 462/1769/553
f 766/2983/553 462/1769/553 764/2975/553
f 764/2975/553 462/1769/553 464/1777/553
f 764/2975/553 464/1777/553 762/2967/553
f 762/2967/553 464/1777/553 466/1785/553
f 762/2967/553 466/1785/553 248/919/553
f 248/919/553 466/1785/553 246/911/553
f 246/911/553 466/1785/553 468/1793/553
f 246/911/553 468/1793/553 244/903/553
f 244/903/553 468/1793/553 470/1801/553
f 244/903/553 470/1801/553 242/895/553
f 242/895/553 470/1801/553 472/1809/553
f 242/895/553 472/1809/553 240/888/553
f 240/888/553 472/1809/553 474/1817/553
f 240/888/553 474/1817/553 382/1451/553
f 382/1451/553 474/1817/553 476/1825/553
f 382/1451/553 476/1825/553 380/1443/553
f 380/1443/553 476/1825/553 478/1833/553
f 380/1443/553 478/1833/553 378/1435/553
f 378/1435/553 478/1833/553 480/1841/553
f 378/1435/553 480/1841/553 482/1849/553
f 378/1435/553 482/1849/553 376/1427/553
f 376/1427/553 482/1849/553 484/1857/553
f 376/1427/553 484/1857/553 486/1865/553
f 376/1427/553 486/1865/553 374/1419/553
f 374/1419/553 486/1865/553 488/1873/553
f 374/1419/553 488/1873/553 372/1411/553
f 372/1411/553 488/1873/553 490/1881/553
f 372/1411/553 490/1881/553 370/1403/553
f 370/1403/553 490/1881/553 368/1395/553
f 368/1395/553 490/1881/553 492/1889/553
f 368/1395/553 492/1889/553 366/1387/553
f 366/1387/553 492/1889/553 364/1379/553
f 364/1379/553 492/1889/553 494/1897/553
f 364/1379/553 494/1897/553 362/1371/553
f 362/1371/553 494/1897/553 360/1363/553
f 360/1363/553 494/1897/553 496/1905/553
f 360/1363/553 496/1905/553 498/1913/553
f 360/1363/553 498/1913/553 358/1355/553
f 358/1355/553 498/1913/553 500/1921/553
f 358/1355/553 500/1921/553 356/1347/553
f 356/1347/553 500/1921/553 502/1929/553
f 356/1347/553 502/1929/553 354/1339/553
f 354/1339/554 502/1929/554 504/1937/554
f 354/1339/555 504/1937/555 352/1331/555
f 352/1331/553 504/1937/553 506/1945/553
f 352/1331/553 506/1945/553 350/1323/553
f 350/1323/553 506/1945/553 348/1315/553
f 348/1315/553 506/1945/553 508/1953/553
f 348/1315/553 508/1953/553 346/1307/553
f 346/1307/554 508/1953/554 510/1961/554
f 346/1307/556 510/1961/556 512/1969/556
f 514/1977/553 17/47/553 512/1969/553
f 512/1969/553 17/47/553 344/1300/553
f 512/1969/553 344/1300/553 346/1307/553
f 17/47/553 514/1977/553 863/3368/553
f 863/3368/553 514/1977/553 516/1985/553
f 863/3368/553 516/1985/553 518/1993/553
f 518/1993/553 520/2001/553 863/3368/553
f 863/3368/553 520/2001/553 522/2009/553
f 863/3368/553 522/2009/553 524/2017/553
f 524/2017/553 526/2025/553 863/3368/553
f 863/3368/553 526/2025/553 528/2033/553
f 863/3368/553 528/2033/553 530/2041/553
f 530/2041/553 532/2049/553 863/3368/553
f 863/3368/553 532/2049/553 534/2057/553
f 863/3368/553 534/2057/553 536/2065/553
f 536/2065/553 538/2073/553 863/3368/553
f 863/3368/553 538/2073/553 540/2081/553
f 863/3368/553 540/2081/553 542/2089/553
f 542/2089/553 544/2097/553 863/3368/553
f 863/3368/553 544/2097/553 546/2105/553
f 863/3368/553 546/2105/553 548/2113/553
f 548/2113/553 550/2121/553 863/3368/553
f 863/3368/553 550/2121/553 552/2129/553
f 863/3368/553 552/2129/553 554/2137/553
f 554/2137/553 556/2145/553 863/3368/553
f 863/3368/553 556/2145/553 558/2153/553
f 863/3368/553 558/2153/553 560/2161/553
f 560/2161/553 562/2169/553 863/3368/553
f 863/3368/553 562/2169/553 564/2177/553
f 863/3368/553 564/2177/553 566/2185/553
f 566/2185/553 568/2193/553 863/3368/553
f 863/3368/553 568/2193/553 570/2201/553
f 863/3368/553 570/2201/553 572/2209/553
f 572/2209/553 574/2217/553 863/3368/553
f 863/3368/553 574/2217/553 576/2225/553
f 863/3368/553 576/2225/553 578/2233/553
f 578/2233/553 580/2241/553 863/3368/553
f 863/3368/553 580/2241/553 582/2249/553
f 863/3368/553 582/2249/553 584/2257/553
f 584/2257/553 586/2265/553 863/3368/553
f 863/3368/553 586/2265/553 588/2273/553
f 863/3368/553 588/2273/553 590/2281/553
f 590/2281/553 592/2289/553 863/3368/553
f 863/3368/553 592/2289/553 6/14/553
f 6/14/553 592/2289/553 594/2297/553
f 6/14/553 594/2297/553 596/2305/553
f 596/2305/553 598/2313/553 6/14/553
f 6/14/553 598/2313/553 384/1458/553
f 6/14/553 384/1458/553 386/1465/553
f 6/14/553 386/1465/553 858/3351/553
f 858/3351/553 386/1465/553 388/1473/553
f 858/3351/553 388/1473/553 390/1481/553
f 858/3351/553 390/1481/553 856/3343/553
f 856/3343/553 390/1481/553 392/1489/553
f 856/3343/553 392/1489/553 854/3335/553
f 854/3335/553 392/1489/553 394/1497/553
f 854/3335/553 394/1497/553 852/3327/553
f 852/3327/553 394/1497/553 850/3319/553
f 850/3319/553 394/1497/553 396/1505/553
f 850/3319/553 396/1505/553 398/1513/553
f 850/3319/553 398/1513/553 848/3311/553
f 848/3311/553 398/1513/553 400/1521/553
f 848/3311/553 400/1521/553 846/3303/553
f 846/3303/553 400/1521/553 844/3295/553
f 844/3295/553 400/1521/553 402/1529/553
f 844/3295/553 402/1529/553 842/3287/553
f 842/3287/553 402/1529/553 404/1537/553
f 842/3287/553 404/1537/553 840/3279/553
f 840/3279/553 404/1537/553 406/1545/553
f 840/3279/553 406/1545/553 838/3271/553
f 838/3271/553 406/1545/553 408/1553/553
f 838/3271/553 408/1553/553 836/3263/553
f 836/3263/553 408/1553/553 834/3255/553
f 834/3255/553 408/1553/553 410/1561/553
f 834/3255/553 410/1561/553 832/3247/553
f 832/3247/553 410/1561/553 412/1569/553
f 832/3247/553 412/1569/553 830/3239/553
f 830/3239/553 412/1569/553 414/1577/553
f 830/3239/553 414/1577/553 828/3231/553
f 828/3231/553 414/1577/553 826/3223/553
f 826/3223/553 414/1577/553 416/1585/553
f 826/3223/553 416/1585/553 824/3215/553
f 824/3215/553 416/1585/553 418/1593/553
f 824/3215/553 418/1593/553 822/3207/553
f 822/3207/553 418/1593/553 820/3199/553
f 820/3199/553 418/1593/553 420/1601/553
f 762/2967/553 248/919/553 194/705/553
f 194/705/553 248/919/553 250/927/553
f 194/705/553 250/927/553 192/697/553
f 192/697/553 250/927/553 252/935/553
f 192/697/553 252/935/553 254/943/553
f 192/697/553 254/943/553 190/689/553
f 190/689/553 254/943/553 256/951/553
f 190/689/553 256/951/553 188/681/553
f 188/681/553 256/951/553 258/959/553
f 188/681/553 258/959/553 186/673/553
f 186/673/553 258/959/553 260/967/553
f 186/673/553 260/967/553 184/665/553
f 184/665/553 260/967/553 262/975/553
f 184/665/553 262/975/553 264/983/553
f 184/665/553 264/983/553 182/657/553
f 182/657/553 264/983/553 266/991/553
f 182/657/553 266/991/553 180/649/553
f 180/649/553 266/991/553 268/999/553
f 180/649/553 268/999/553 178/641/553
f 178/641/553 268/999/553 176/633/553
f 176/633/553 268/999/553 270/1007/553
f 176/633/553 270/1007/553 272/1015/553
f 176/633/553 272/1015/553 174/625/553
f 174/625/553 272/1015/553 274/1023/553
f 174/625/553 274/1023/553 276/1031/553
f 174/625/553 276/1031/553 172/617/553
f 172/617/553 276/1031/553 278/1039/553
f 172/617/553 278/1039/553 280/1047/553
f 172/617/553 280/1047/553 170/609/553
f 170/609/553 280/1047/553 282/1055/553
f 170/609/553 282/1055/553 284/1063/553
f 286/1071/553 166/593/553 284/1063/553
f 284/1063/553 166/593/553 168/601/553
f 284/1063/553 168/601/553 170/609/553
f 166/593/553 286/1071/553 164/585/553
f 164/585/553 286/1071/553 288/1079/553
f 164/585/553 288/1079/553 162/577/553
f 162/577/553 288/1079/553 160/569/553
f 160/569/553 288/1079/553 290/1087/553
f 160/569/553 290/1087/553 158/561/553
f 158/561/553 290/1087/553 292/1095/553
f 158/561/553 292/1095/553 156/553/553
f 156/553/553 292/1095/553 294/1103/553
f 156/553/553 294/1103/553 154/545/553
f 154/545/553 294/1103/553 296/1111/553
f 154/545/553 296/1111/553 152/537/553
f 152/537/553 296/1111/553 298/1119/553
f 152/537/553 298/1119/553 150/529/553
f 150/529/553 298/1119/553 300/1127/553
f 150/529/553 300/1127/553 148/521/553
f 148/521/553 300/1127/553 17/47/553
f 148/521/553 17/47/553 146/513/553
f 146/513/553 17/47/553 144/505/553
f 144/505/553 17/47/553 142/497/553
f 142/497/553 17/47/553 140/489/553
f 140/489/553 17/47/553 138/481/553
f 138/481/553 17/47/553 136/474/553
f 136/474/553 17/47/553 7/18/553
f 136/474/553 7/18/553 134/469/553
f 134/469/553 7/18/553 132/462/553
f 132/462/553 7/18/553 130/454/553
f 130/454/553 7/18/553 128/446/553
f 128/446/553 7/18/553 126/438/553
f 126/438/553 7/18/553 124/430/553
f 124/430/553 7/18/553 122/422/553
f 122/422/553 7/18/553 120/414/553
f 120/414/553 7/18/553 118/406/553
f 118/406/553 7/18/553 116/398/553
f 116/398/553 7/18/553 114/390/553
f 114/390/553 7/18/553 112/382/553
f 112/382/553 7/18/553 110/374/553
f 110/374/553 7/18/553 106/358/553
f 110/374/555 106/358/555 108/366/555
f 300/1127/553 302/1135/553 17/47/553
f 17/47/553 302/1135/553 304/1143/553
f 17/47/553 304/1143/553 306/1151/553
f 306/1151/553 308/1159/553 17/47/553
f 17/47/553 308/1159/553 310/1167/553
f 17/47/553 310/1167/553 312/1175/553
f 312/1175/553 314/1183/553 17/47/553
f 17/47/553 314/1183/553 316/1191/553
f 17/47/553 316/1191/553 318/1199/553
f 318/1199/553 320/1207/553 17/47/553
f 17/47/553 320/1207/553 322/1215/553
f 17/47/553 322/1215/553 324/1223/553
f 324/1223/553 326/1231/553 17/47/553
f 17/47/553 326/1231/553 328/1239/553
f 17/47/553 328/1239/553 330/1247/553
f 330/1247/553 332/1255/553 17/47/553
f 17/47/553 332/1255/553 334/1263/553
f 17/47/553 334/1263/553 336/1271/553
f 336/1271/553 338/1279/553 17/47/553
f 17/47/553 338/1279/553 340/1287/553
f 17/47/553 340/1287/553 342/1294/553
f 342/1294/553 344/1300/553 17/47/553
f 212/777/553 744/2895/553 210/769/553
f 210/769/553 744/2895/553 746/2903/553
f 210/769/553 746/2903/553 208/761/553
f 208/761/553 746/2903/553 748/2911/553
f 208/761/553 748/2911/553 206/753/553
f 206/753/553 748/2911/553 750/2919/553
f 206/753/553 750/2919/553 204/745/553
f 204/745/553 750/2919/553 752/2927/553
f 204/745/553 752/2927/553 202/737/553
f 202/737/553 752/2927/553 754/2935/553
f 202/737/554 754/2935/554 200/729/554
f 200/729/553 754/2935/553 756/2943/553
f 200/729/553 756/2943/553 198/721/553
f 198/721/553 756/2943/553 758/2951/553
f 198/721/554 758/2951/554 196/713/554
f 196/713/553 758/2951/553 760/2959/553
f 196/713/553 760/2959/553 194/705/553
f 194/705/553 760/2959/553 762/2967/553
f 744/2895/553 212/777/553 742/2887/553
f 742/2887/553 212/777/553 214/785/553
f 742/2887/553 214/785/553 740/2879/553
f 740/2879/553 214/785/553 216/793/553
f 740/2879/553 216/793/553 738/2871/553
f 738/2871/553 216/793/553 736/2863/553
f 736/2863/553 216/793/553 218/801/553
f 736/2863/553 218/801/553 734/2855/553
f 734/2855/553 218/801/553 220/809/553
f 734/2855/553 220/809/553 732/2847/553
f 732/2847/553 220/809/553 222/817/553
f 732/2847/553 222/817/553 730/2839/553
f 730/2839/553 222/817/553 224/825/553
f 730/2839/553 224/825/553 728/2831/553
f 728/2831/553 224/825/553 226/833/553
f 728/2831/553 226/833/553 726/2823/553
f 726/2823/553 226/833/553 228/841/553
f 726/2823/553 228/841/553 724/2815/553
f 724/2815/553 228/841/553 230/849/553
f 724/2815/553 230/849/553 232/857/553
f 724/2815/553 232/857/553 722/2807/553
f 722/2807/553 232/857/553 234/865/553
f 722/2807/553 234/865/553 236/873/553
f 722/2807/553 236/873/553 720/2799/553
f 720/2799/553 236/873/553 238/881/553
f 720/2799/553 238/881/553 718/2791/553
f 718/2791/553 238/881/553 70/215/553
f 718/2791/553 70/215/553 72/222/553
f 718/2791/553 72/222/553 716/2783/553
f 716/2783/553 72/222/553 74/230/553
f 716/2783/553 74/230/553 714/2775/553
f 714/2775/553 74/230/553 76/238/553
f 714/2775/553 76/238/553 712/2767/553
f 712/2767/553 76/238/553 78/246/553
f 712/2767/553 78/246/553 80/254/553
f 712/2767/553 80/254/553 710/2759/553
f 710/2759/553 80/254/553 82/262/553
f 710/2759/553 82/262/553 84/270/553
f 710/2759/553 84/270/553 708/2751/553
f 708/2751/553 84/270/553 86/278/553
f 708/2751/553 86/278/553 88/286/553
f 708/2751/553 88/286/553 706/2743/553
f 706/2743/553 88/286/553 90/294/553
f 706/2743/553 90/294/553 704/2735/553
f 704/2735/554 90/294/554 92/302/554
f 704/2735/553 92/302/553 702/2727/553
f 702/2727/553 92/302/553 94/310/553
f 702/2727/553 94/310/553 700/2719/553
f 700/2719/554 94/310/554 96/318/554
f 700/2719/553 96/318/553 698/2711/553
f 698/2711/553 96/318/553 98/326/553
f 698/2711/555 98/326/555 696/2703/555
f 696/2703/553 98/326/553 7/18/553
f 696/2703/553 7/18/553 694/2695/553
f 694/2695/553 7/18/553 692/2687/553
f 692/2687/553 7/18/553 690/2679/553
f 690/2679/553 7/18/553 688/2671/553
f 688/2671/553 7/18/553 686/2663/553
f 686/2663/553 7/18/553 684/2655/553
f 684/2655/553 7/18/553 682/2647/553
f 682/2647/553 7/18/553 680/2639/553
f 680/2639/553 7/18/553 678/2631/553
f 678/2631/553 7/18/553 676/2623/553
f 676/2623/553 7/18/553 674/2615/553
f 674/2615/553 7/18/553 672/2607/553
f 672/2607/553 7/18/553 670/2599/553
f 670/2599/553 7/18/553 668/2591/553
f 668/2591/553 7/18/553 666/2583/553
f 666/2583/553 7/18/553 664/2575/553
f 664/2575/553 7/18/553 662/2567/553
f 662/2567/553 7/18/553 660/2559/553
f 660/2559/553 7/18/553 658/2551/553
f 658/2551/553 7/18/553 656/2543/553
f 656/2543/553 7/18/553 654/2535/553
f 654/2535/553 7/18/553 652/2527/553
f 652/2527/553 7/18/553 6/14/553
f 652/2527/553 6/14/553 650/2519/553
f 650/2519/553 6/14/553 648/2511/553
f 648/2511/553 6/14/553 646/2503/553
f 646/2503/553 6/14/553 644/2495/553
f 644/2495/553 6/14/553 642/2487/553
f 642/2487/553 6/14/553 640/2479/553
f 640/2479/553 6/14/553 638/2471/553
f 638/2471/553 6/14/553 636/2463/553
f 636/2463/553 6/14/553 634/2455/553
f 634/2455/553 6/14/553 632/2447/553
f 632/2447/553 6/14/553 630/2439/553
f 630/2439/553 6/14/553 628/2431/553
f 628/2431/553 6/14/553 626/2423/553
f 626/2423/553 6/14/553 624/2415/553
f 624/2415/553 6/14/553 622/2407/553
f 622/2407/553 6/14/553 620/2399/553
f 620/2399/553 6/14/553 618/2391/553
f 618/2391/553 6/14/553 616/2383/553
f 616/2383/553 6/14/553 614/2375/553
f 614/2375/553 6/14/553 612/2367/553
f 612/2367/553 6/14/553 610/2359/553
f 610/2359/553 6/14/553 608/2351/553
f 608/2351/553 6/14/553 606/2343/553
f 606/2343/553 6/14/553 604/2335/553
f 604/2335/553 6/14/553 602/2327/553
f 602/2327/553 6/14/553 600/2320/553
f 600/2320/553 6/14/553 862/3367/553
f 862/3367/553 6/14/553 860/3359/553
f 860/3359/553 6/14/553 858/3351/553
f 98/326/553 100/334/553 7/18/553
f 7/18/553 100/334/553 102/342/553
f 7/18/553 102/342/553 104/350/553
f 104/350/553 106/358/553 7/18/553
f 11/29/2 64/191/2 12/33/2
f 864/3371/2 64/192/2 11/30/2
f 4/9/6 68/206/6 1/2/6
f 865/3375/6 68/207/6 4/10/6
f 16/44/553 66/199/553 13/36/553
f 866/3379/553 66/200/553 16/45/553
f 867/3383/553 48/139/553 45/129/553
f 868/3386/553 48/140/553 867/3385/553
f 869/3390/553 56/165/553 53/156/553
f 870/3393/553 56/166/553 869/3392/553
f 871/3397/4 52/153/4 49/143/4
f 872/3400/4 52/154/4 871/3399/4
f 873/3404/5 874/3407/5 863/3369/5
f 863/3369/5 874/3407/5 869/3391/5
f 863/3369/5 869/3391/5 876/3413/5
f 876/3413/5 869/3391/5 47/135/5
f 47/135/5 869/3391/5 53/157/5
f 47/135/5 53/157/5 17/48/5
f 17/48/5 53/157/5 55/163/5
f 17/48/5 55/163/5 18/50/5
f 18/50/5 55/163/5 875/3410/5
f 18/50/5 875/3410/5 871/3398/5
f 18/50/5 871/3398/5 873/3404/5
f 873/3404/5 871/3398/5 49/144/5
f 873/3404/5 49/144/5 51/149/5
f 47/135/5 17/48/5 45/130/5
f 45/130/5 17/48/5 863/3369/5
f 45/130/5 863/3369/5 867/3384/5
f 867/3384/5 863/3369/5 876/3413/5
f 55/163/5 874/3407/5 875/3410/5
f 875/3410/5 874/3407/5 51/149/5
f 51/149/5 874/3407/5 873/3404/5
f 877/3416/1 34/96/1 31/89/1
f 878/3420/1 34/97/1 877/3417/1
f 879/3423/5 44/125/5 43/122/5
f 880/3426/5 44/126/5 879/3425/5
f 6/15/6 883/3436/6 863/3370/6
f 863/3370/6 883/3436/6 39/112/6
f 863/3370/6 39/112/6 35/101/6
f 5/12/6 42/119/6 6/15/6
f 6/15/6 42/119/6 881/3429/6
f 6/15/6 881/3429/6 37/105/6
f 37/105/6 881/3429/6 35/101/6
f 35/101/6 881/3429/6 879/3424/6
f 35/101/6 879/3424/6 863/3370/6
f 863/3370/6 879/3424/6 43/123/6
f 863/3370/6 43/123/6 873/3405/6
f 873/3405/6 43/123/6 33/94/6
f 873/3405/6 33/94/6 882/3433/6
f 873/3405/6 877/3418/6 5/12/6
f 5/12/6 877/3418/6 31/90/6
f 5/12/6 31/90/6 42/119/6
f 42/119/6 31/90/6 43/123/6
f 43/123/6 31/90/6 33/94/6
f 882/3433/6 877/3418/6 873/3405/6
f 37/105/6 883/3436/6 6/15/6
f 24/68/4 60/177/4 25/72/4
f 884/3439/4 60/178/4 24/69/4
f 22/62/553 62/183/553 19/54/553
f 885/3442/553 62/184/553 22/63/553
f 30/86/553 58/171/553 27/78/553
f 886/3445/553 58/172/553 30/87/553
f 875/3411/2 872/3401/2 871/3399/2
f 887/3448/2 872/3402/2 875/3412/2
f 51/150/7 887/3449/7 875/3412/7
f 50/147/7 887/3450/7 51/151/7
f 874/3408/6 870/3394/6 869/3392/6
f 888/3452/6 870/3395/6 874/3409/6
f 55/162/4 888/3453/4 874/3409/4
f 54/160/4 888/3454/4 55/163/4
f 876/3414/6 868/3387/6 867/3385/6
f 889/3456/6 868/3388/6 876/3415/6
f 47/136/4 889/3457/4 876/3415/4
f 46/133/4 889/3458/4 47/137/4
f 883/3437/553 40/114/553 39/113/553
f 890/3460/553 40/115/553 883/3438/553
f 37/106/1 890/3460/1 883/3438/1
f 36/103/1 890/3461/1 37/107/1
f 881/3430/553 880/3426/553 879/3425/553
f 891/3463/553 880/3427/553 881/3431/553
f 41/117/1 891/3464/1 42/120/1
f 42/120/1 891/3464/1 881/3432/1
f 892/3466/4 878/3421/4 882/3434/4
f 882/3434/4 878/3421/4 877/3419/4
f 32/92/5 892/3467/5 33/95/5
f 33/95/5 892/3467/5 882/3435/5
f 894/3472/2 890/3462/2 893/3469/2
f 893/3469/2 890/3462/2 36/104/2
f 893/3469/2 36/104/2 891/3465/2
f 891/3465/2 36/104/2 880/3428/2
f 880/3428/2 36/104/2 38/110/2
f 880/3428/2 38/110/2 894/3472/2
f 894/3472/2 38/110/2 40/116/2
f 894/3472/2 40/116/2 890/3462/2
f 880/3428/2 894/3472/2 44/127/2
f 44/127/2 894/3472/2 895/3475/2
f 44/127/2 895/3475/2 32/93/2
f 32/93/2 895/3475/2 892/3468/2
f 892/3468/2 895/3475/2 878/3422/2
f 878/3422/2 895/3475/2 896/3478/2
f 878/3422/2 896/3478/2 34/98/2
f 34/98/2 896/3478/2 41/118/2
f 34/98/2 41/118/2 44/127/2
f 896/3478/2 893/3469/2 41/118/2
f 41/118/2 893/3469/2 891/3465/2
f 32/93/2 34/98/2 44/127/2
f 895/3476/1 872/3403/1 897/3481/1
f 897/3481/1 872/3403/1 887/3451/1
f 897/3481/1 887/3451/1 54/161/1
f 54/161/1 887/3451/1 888/3455/1
f 888/3455/1 887/3451/1 50/148/1
f 888/3455/1 50/148/1 895/3476/1
f 895/3476/1 50/148/1 52/155/1
f 895/3476/1 52/155/1 872/3403/1
f 895/3476/1 894/3473/1 888/3455/1
f 888/3455/1 894/3473/1 870/3396/1
f 870/3396/1 894/3473/1 889/3459/1
f 870/3396/1 889/3459/1 56/167/1
f 56/167/1 889/3459/1 46/134/1
f 56/167/1 46/134/1 898/3484/1
f 898/3484/1 46/134/1 48/141/1
f 898/3484/1 48/141/1 894/3473/1
f 894/3473/1 48/141/1 868/3389/1
f 894/3473/1 868/3389/1 889/3459/1
f 56/167/1 898/3484/1 54/161/1
f 54/161/1 898/3484/1 897/3481/1
f 29/83/5 886/3445/5 30/87/5
f 899/3487/5 886/3446/5 29/84/5
f 28/80/4 899/3487/4 29/84/4
f 57/169/4 899/3488/4 28/81/4
f 21/59/5 885/3442/5 22/63/5
f 900/3490/5 885/3443/5 21/60/5
f 20/56/4 900/3490/4 21/60/4
f 61/181/4 900/3491/4 20/57/4
f 23/65/1 884/3439/1 24/69/1
f 901/3493/1 884/3440/1 23/66/1
f 26/74/3 901/3493/3 23/66/3
f 59/175/3 901/3494/3 26/75/3
f 902/3496/6 58/173/6 898/3485/6
f 898/3485/6 58/173/6 886/3447/6
f 898/3485/6 886/3447/6 899/3489/6
f 903/3499/6 61/182/6 902/3496/6
f 902/3496/6 61/182/6 62/185/6
f 902/3496/6 62/185/6 57/170/6
f 57/170/6 62/185/6 899/3489/6
f 899/3489/6 62/185/6 885/3444/6
f 899/3489/6 885/3444/6 898/3485/6
f 898/3485/6 885/3444/6 900/3492/6
f 898/3485/6 900/3492/6 897/3482/6
f 897/3482/6 900/3492/6 59/176/6
f 897/3482/6 59/176/6 60/179/6
f 897/3482/6 884/3441/6 903/3499/6
f 903/3499/6 884/3441/6 901/3495/6
f 903/3499/6 901/3495/6 61/182/6
f 61/182/6 901/3495/6 900/3492/6
f 900/3492/6 901/3495/6 59/176/6
f 60/179/6 884/3441/6 897/3482/6
f 57/170/6 58/173/6 902/3496/6
f 807/3147/4 427/1629/4 809/3155/4
f 809/3155/4 427/1629/4 425/1621/4
f 809/3155/4 425/1621/4 811/3163/4
f 811/3163/4 425/1621/4 423/1613/4
f 811/3163/4 423/1613/4 813/3171/4
f 813/3171/4 423/1613/4 421/1605/4
f 813/3171/4 421/1605/4 815/3179/4
f 815/3179/4 421/1605/4 419/1597/4
f 815/3179/4 419/1597/4 817/3187/4
f 817/3187/4 419/1597/4 819/3195/4
f 819/3195/4 419/1597/4 417/1589/4
f 819/3195/4 417/1589/4 821/3203/4
f 821/3203/4 417/1589/4 823/3211/4
f 823/3211/4 417/1589/4 415/1581/4
f 823/3211/4 415/1581/4 825/3219/4
f 825/3219/4 415/1581/4 413/1573/4
f 825/3219/4 413/1573/4 827/3227/4
f 827/3227/4 413/1573/4 829/3235/4
f 829/3235/4 413/1573/4 411/1565/4
f 829/3235/4 411/1565/4 831/3243/4
f 831/3243/4 411/1565/4 409/1557/4
f 831/3243/4 409/1557/4 833/3251/4
f 833/3251/4 409/1557/4 407/1549/4
f 833/3251/4 407/1549/4 835/3259/4
f 835/3259/4 407/1549/4 837/3267/4
f 837/3267/4 407/1549/4 405/1541/4
f 837/3267/4 405/1541/4 839/3275/4
f 839/3275/4 405/1541/4 403/1533/4
f 839/3275/4 403/1533/4 841/3283/4
f 841/3283/4 403/1533/4 401/1525/4
f 841/3283/4 401/1525/4 843/3291/4
f 843/3291/4 401/1525/4 399/1517/4
f 843/3291/4 399/1517/4 845/3299/4
f 845/3299/4 399/1517/4 847/3307/4
f 847/3307/4 399/1517/4 397/1509/4
f 847/3307/4 397/1509/4 849/3315/4
f 849/3315/4 397/1509/4 395/1501/4
f 849/3315/4 395/1501/4 393/1493/4
f 427/1629/4 807/3147/4 429/1637/4
f 429/1637/4 807/3147/4 805/3139/4
f 429/1637/4 805/3139/4 431/1645/4
f 431/1645/4 805/3139/4 803/3131/4
f 431/1645/4 803/3131/4 433/1653/4
f 433/1653/4 803/3131/4 801/3123/4
f 433/1653/4 801/3123/4 435/1661/4
f 435/1661/4 801/3123/4 799/3115/4
f 435/1661/4 799/3115/4 437/1669/4
f 437/1669/4 799/3115/4 439/1677/4
f 439/1677/4 799/3115/4 797/3107/4
f 439/1677/4 797/3107/4 441/1685/4
f 441/1685/4 797/3107/4 795/3099/4
f 441/1685/4 795/3099/4 443/1693/4
f 443/1693/4 795/3099/4 793/3091/4
f 443/1693/4 793/3091/4 791/3083/4
f 443/1693/4 791/3083/4 445/1701/4
f 445/1701/4 791/3083/4 789/3075/4
f 445/1701/4 789/3075/4 787/3067/4
f 445/1701/4 787/3067/4 447/1709/4
f 447/1709/4 787/3067/4 785/3059/4
f 447/1709/4 785/3059/4 783/3051/4
f 447/1709/4 783/3051/4 449/1717/4
f 449/1717/4 783/3051/4 781/3043/4
f 449/1717/4 781/3043/4 451/1725/4
f 451/1725/4 781/3043/4 779/3035/4
f 451/1725/4 779/3035/4 777/3027/4
f 451/1725/4 777/3027/4 453/1733/4
f 453/1733/4 777/3027/4 775/3019/4
f 453/1733/4 775/3019/4 773/3011/4
f 453/1733/4 773/3011/4 455/1741/4
f 455/1741/4 773/3011/4 771/3003/4
f 455/1741/4 771/3003/4 769/2995/4
f 455/1741/4 769/2995/4 457/1749/4
f 457/1749/4 769/2995/4 767/2987/4
f 457/1749/4 767/2987/4 459/1757/4
f 459/1757/4 767/2987/4 765/2979/4
f 459/1757/4 765/2979/4 461/1765/4
f 461/1765/4 765/2979/4 763/2971/4
f 461/1765/4 763/2971/4 463/1773/4
f 463/1773/4 763/2971/4 761/2963/4
f 463/1773/4 761/2963/4 465/1781/4
f 465/1781/4 761/2963/4 247/915/4
f 465/1781/4 247/915/4 245/907/4
f 247/915/4 761/2963/4 193/701/4
f 193/701/4 761/2963/4 759/2955/4
f 193/701/4 759/2955/4 195/709/4
f 195/709/557 759/2955/557 757/2947/557
f 195/709/558 757/2947/558 197/717/558
f 197/717/4 757/2947/4 755/2939/4
f 197/717/4 755/2939/4 199/725/4
f 199/725/4 755/2939/4 753/2931/4
f 199/725/4 753/2931/4 201/733/4
f 201/733/4 753/2931/4 751/2923/4
f 201/733/4 751/2923/4 203/741/4
f 203/741/4 751/2923/4 749/2915/4
f 203/741/4 749/2915/4 205/749/4
f 205/749/4 749/2915/4 747/2907/4
f 205/749/4 747/2907/4 207/757/4
f 207/757/4 747/2907/4 745/2899/4
f 207/757/4 745/2899/4 209/765/4
f 209/765/4 745/2899/4 743/2891/4
f 209/765/4 743/2891/4 211/773/4
f 211/773/4 743/2891/4 741/2883/4
f 211/773/4 741/2883/4 213/781/4
f 213/781/4 741/2883/4 739/2875/4
f 213/781/4 739/2875/4 215/789/4
f 215/789/4 739/2875/4 737/2867/4
f 215/789/4 737/2867/4 735/2859/4
f 215/789/4 735/2859/4 217/797/4
f 217/797/4 735/2859/4 733/2851/4
f 217/797/4 733/2851/4 219/805/4
f 219/805/4 733/2851/4 731/2843/4
f 219/805/4 731/2843/4 221/813/4
f 221/813/4 731/2843/4 729/2835/4
f 221/813/4 729/2835/4 223/821/4
f 223/821/4 729/2835/4 727/2827/4
f 223/821/4 727/2827/4 225/829/4
f 225/829/4 727/2827/4 725/2819/4
f 225/829/4 725/2819/4 227/837/4
f 227/837/4 725/2819/4 723/2811/4
f 227/837/4 723/2811/4 229/845/4
f 229/845/4 723/2811/4 231/853/4
f 231/853/4 723/2811/4 721/2803/4
f 231/853/4 721/2803/4 233/861/4
f 233/861/4 721/2803/4 235/869/4
f 235/869/4 721/2803/4 719/2795/4
f 235/869/4 719/2795/4 237/877/4
f 237/877/4 719/2795/4 717/2787/4
f 237/877/4 717/2787/4 71/218/4
f 71/218/4 717/2787/4 69/212/4
f 69/212/4 717/2787/4 715/2779/4
f 69/212/4 715/2779/4 73/226/4
f 73/226/4 715/2779/4 713/2771/4
f 73/226/4 713/2771/4 75/234/4
f 75/234/4 713/2771/4 711/2763/4
f 75/234/4 711/2763/4 77/242/4
f 77/242/4 711/2763/4 79/250/4
f 79/250/4 711/2763/4 709/2755/4
f 79/250/4 709/2755/4 81/258/4
f 81/258/559 709/2755/559 83/266/559
f 83/266/4 709/2755/4 707/2747/4
f 83/266/559 707/2747/559 85/274/559
f 85/274/560 707/2747/560 87/282/560
f 87/282/4 707/2747/4 705/2739/4
f 87/282/4 705/2739/4 89/290/4
f 89/290/4 705/2739/4 703/2731/4
f 89/290/4 703/2731/4 91/298/4
f 91/298/4 703/2731/4 701/2723/4
f 91/298/4 701/2723/4 93/306/4
f 93/306/4 701/2723/4 699/2715/4
f 93/306/4 699/2715/4 95/314/4
f 95/314/4 699/2715/4 697/2707/4
f 95/314/4 697/2707/4 97/322/4
f 97/322/558 697/2707/558 695/2699/558
f 97/322/4 695/2699/4 902/3497/4
f 902/3497/4 695/2699/4 693/2691/4
f 902/3497/4 693/2691/4 691/2683/4
f 691/2683/4 689/2675/4 902/3497/4
f 902/3497/4 689/2675/4 687/2667/4
f 902/3497/4 687/2667/4 685/2659/4
f 685/2659/4 683/2651/4 902/3497/4
f 902/3497/4 683/2651/4 681/2643/4
f 902/3497/4 681/2643/4 679/2635/4
f 679/2635/4 677/2627/4 902/3497/4
f 902/3497/4 677/2627/4 675/2619/4
f 902/3497/4 675/2619/4 673/2611/4
f 673/2611/4 671/2603/4 902/3497/4
f 902/3497/4 671/2603/4 669/2595/4
f 902/3497/4 669/2595/4 667/2587/4
f 667/2587/4 665/2579/4 902/3497/4
f 902/3497/4 665/2579/4 663/2571/4
f 902/3497/4 663/2571/4 661/2563/4
f 661/2563/4 659/2555/4 902/3497/4
f 902/3497/4 659/2555/4 657/2547/4
f 902/3497/4 657/2547/4 655/2539/4
f 655/2539/4 653/2531/4 902/3497/4
f 902/3497/4 653/2531/4 651/2523/4
f 902/3497/4 651/2523/4 893/3470/4
f 893/3470/4 651/2523/4 649/2515/4
f 893/3470/4 649/2515/4 647/2507/4
f 647/2507/4 645/2499/4 893/3470/4
f 893/3470/4 645/2499/4 643/2491/4
f 893/3470/4 643/2491/4 641/2483/4
f 641/2483/4 639/2475/4 893/3470/4
f 893/3470/4 639/2475/4 637/2467/4
f 893/3470/4 637/2467/4 635/2459/4
f 635/2459/4 633/2451/4 893/3470/4
f 893/3470/4 633/2451/4 631/2443/4
f 893/3470/4 631/2443/4 629/2435/4
f 629/2435/4 627/2427/4 893/3470/4
f 893/3470/4 627/2427/4 625/2419/4
f 893/3470/4 625/2419/4 623/2411/4
f 623/2411/4 621/2403/4 893/3470/4
f 893/3470/4 621/2403/4 619/2395/4
f 893/3470/4 619/2395/4 617/2387/4
f 617/2387/4 615/2379/4 893/3470/4
f 893/3470/4 615/2379/4 613/2371/4
f 893/3470/4 613/2371/4 611/2363/4
f 611/2363/4 609/2355/4 893/3470/4
f 893/3470/4 609/2355/4 607/2347/4
f 893/3470/4 607/2347/4 605/2339/4
f 605/2339/4 603/2331/4 893/3470/4
f 893/3470/4 603/2331/4 599/2317/4
f 893/3470/4 599/2317/4 601/2323/4
f 601/2323/4 861/3363/4 893/3470/4
f 893/3470/4 861/3363/4 859/3355/4
f 893/3470/4 859/3355/4 857/3347/4
f 855/3339/558 389/1477/558 857/3347/558
f 857/3347/557 389/1477/557 387/1469/557
f 857/3347/4 387/1469/4 383/1455/4
f 389/1477/557 855/3339/557 391/1485/557
f 391/1485/4 855/3339/4 853/3331/4
f 391/1485/4 853/3331/4 393/1493/4
f 393/1493/4 853/3331/4 851/3323/4
f 393/1493/4 851/3323/4 849/3315/4
f 247/915/4 193/701/4 249/923/4
f 249/923/4 193/701/4 191/693/4
f 249/923/4 191/693/4 251/931/4
f 251/931/4 191/693/4 253/939/4
f 253/939/4 191/693/4 189/685/4
f 253/939/4 189/685/4 255/947/4
f 255/947/4 189/685/4 187/677/4
f 255/947/4 187/677/4 257/955/4
f 257/955/4 187/677/4 185/669/4
f 257/955/4 185/669/4 259/963/4
f 259/963/4 185/669/4 183/661/4
f 259/963/4 183/661/4 261/971/4
f 261/971/4 183/661/4 263/979/4
f 263/979/4 183/661/4 181/653/4
f 263/979/4 181/653/4 265/987/4
f 265/987/4 181/653/4 179/645/4
f 265/987/4 179/645/4 267/995/4
f 267/995/4 179/645/4 177/637/4
f 267/995/4 177/637/4 175/629/4
f 173/621/4 271/1011/4 175/629/4
f 175/629/4 271/1011/4 269/1003/4
f 175/629/4 269/1003/4 267/995/4
f 171/613/4 275/1027/4 173/621/4
f 173/621/4 275/1027/4 273/1019/4
f 173/621/4 273/1019/4 271/1011/4
f 169/605/4 279/1043/4 171/613/4
f 171/613/4 279/1043/4 277/1035/4
f 171/613/4 277/1035/4 275/1027/4
f 167/597/4 283/1059/4 169/605/4
f 169/605/4 283/1059/4 281/1051/4
f 169/605/4 281/1051/4 279/1043/4
f 167/597/4 165/589/4 283/1059/4
f 283/1059/4 165/589/4 285/1067/4
f 285/1067/4 165/589/4 163/581/4
f 285/1067/4 163/581/4 287/1075/4
f 287/1075/4 163/581/4 161/573/4
f 287/1075/4 161/573/4 159/565/4
f 287/1075/4 159/565/4 289/1083/4
f 289/1083/4 159/565/4 157/557/4
f 289/1083/4 157/557/4 291/1091/4
f 291/1091/4 157/557/4 155/549/4
f 291/1091/4 155/549/4 293/1099/4
f 293/1099/4 155/549/4 153/541/4
f 293/1099/4 153/541/4 295/1107/4
f 295/1107/4 153/541/4 151/533/4
f 295/1107/4 151/533/4 297/1115/4
f 297/1115/4 151/533/4 149/525/4
f 297/1115/4 149/525/4 299/1123/4
f 299/1123/4 149/525/4 147/517/4
f 299/1123/4 147/517/4 898/3486/4
f 898/3486/4 147/517/4 145/509/4
f 898/3486/4 145/509/4 143/501/4
f 143/501/4 141/493/4 898/3486/4
f 898/3486/4 141/493/4 139/485/4
f 898/3486/4 139/485/4 137/477/4
f 137/477/4 135/472/4 898/3486/4
f 898/3486/4 135/472/4 902/3497/4
f 902/3497/4 135/472/4 133/466/4
f 902/3497/4 133/466/4 131/458/4
f 131/458/4 129/450/4 902/3497/4
f 902/3497/4 129/450/4 127/442/4
f 902/3497/4 127/442/4 125/434/4
f 125/434/4 123/426/4 902/3497/4
f 902/3497/4 123/426/4 121/418/4
f 902/3497/4 121/418/4 119/410/4
f 119/410/4 117/402/4 902/3497/4
f 902/3497/4 117/402/4 115/394/4
f 902/3497/4 115/394/4 113/386/4
f 113/386/4 111/378/4 902/3497/4
f 902/3497/4 111/378/4 109/370/4
f 902/3497/4 109/370/4 105/354/4
f 105/354/558 109/370/558 107/362/558
f 105/354/4 103/346/4 902/3497/4
f 902/3497/4 103/346/4 101/338/4
f 902/3497/4 101/338/4 99/330/4
f 99/330/4 97/322/4 902/3497/4
f 894/3474/4 343/1297/4 898/3486/4
f 898/3486/4 343/1297/4 341/1291/4
f 898/3486/4 341/1291/4 339/1283/4
f 893/3470/4 591/2285/4 894/3474/4
f 894/3474/4 591/2285/4 589/2277/4
f 894/3474/4 589/2277/4 587/2269/4
f 465/1781/4 245/907/4 467/1789/4
f 467/1789/4 245/907/4 243/899/4
f 467/1789/4 243/899/4 469/1797/4
f 469/1797/4 243/899/4 239/885/4
f 469/1797/4 239/885/4 471/1805/4
f 471/1805/4 239/885/4 241/891/4
f 471/1805/4 241/891/4 473/1813/4
f 473/1813/4 241/891/4 381/1447/4
f 473/1813/4 381/1447/4 475/1821/4
f 475/1821/4 381/1447/4 379/1439/4
f 475/1821/4 379/1439/4 477/1829/4
f 477/1829/4 379/1439/4 377/1431/4
f 477/1829/4 377/1431/4 479/1837/4
f 479/1837/4 377/1431/4 481/1845/4
f 481/1845/4 377/1431/4 375/1423/4
f 481/1845/4 375/1423/4 483/1853/4
f 483/1853/4 375/1423/4 485/1861/4
f 485/1861/4 375/1423/4 373/1415/4
f 485/1861/4 373/1415/4 487/1869/4
f 487/1869/4 373/1415/4 371/1407/4
f 487/1869/4 371/1407/4 489/1877/4
f 489/1877/4 371/1407/4 369/1399/4
f 489/1877/4 369/1399/4 367/1391/4
f 489/1877/4 367/1391/4 491/1885/4
f 491/1885/4 367/1391/4 365/1383/4
f 491/1885/4 365/1383/4 363/1375/4
f 491/1885/4 363/1375/4 493/1893/4
f 493/1893/4 363/1375/4 361/1367/4
f 493/1893/4 361/1367/4 359/1359/4
f 357/1351/4 497/1909/4 359/1359/4
f 359/1359/4 497/1909/4 495/1901/4
f 359/1359/4 495/1901/4 493/1893/4
f 497/1909/4 357/1351/4 499/1917/4
f 499/1917/557 357/1351/557 355/1343/557
f 499/1917/4 355/1343/4 501/1925/4
f 501/1925/557 355/1343/557 353/1335/557
f 501/1925/559 353/1335/559 503/1933/559
f 503/1933/4 353/1335/4 351/1327/4
f 503/1933/4 351/1327/4 505/1941/4
f 505/1941/4 351/1327/4 349/1319/4
f 505/1941/4 349/1319/4 347/1311/4
f 505/1941/4 347/1311/4 507/1949/4
f 507/1949/4 347/1311/4 345/1303/4
f 507/1949/4 345/1303/4 509/1957/4
f 509/1957/4 345/1303/4 511/1965/4
f 511/1965/4 345/1303/4 343/1297/4
f 511/1965/4 343/1297/4 513/1973/4
f 513/1973/4 343/1297/4 894/3474/4
f 513/1973/4 894/3474/4 515/1981/4
f 515/1981/4 894/3474/4 517/1989/4
f 517/1989/4 894/3474/4 519/1997/4
f 519/1997/4 894/3474/4 521/2005/4
f 521/2005/4 894/3474/4 523/2013/4
f 523/2013/4 894/3474/4 525/2021/4
f 525/2021/4 894/3474/4 527/2029/4
f 527/2029/4 894/3474/4 529/2037/4
f 529/2037/4 894/3474/4 531/2045/4
f 531/2045/4 894/3474/4 533/2053/4
f 533/2053/4 894/3474/4 535/2061/4
f 535/2061/4 894/3474/4 537/2069/4
f 537/2069/4 894/3474/4 539/2077/4
f 539/2077/4 894/3474/4 541/2085/4
f 541/2085/4 894/3474/4 543/2093/4
f 543/2093/4 894/3474/4 545/2101/4
f 545/2101/4 894/3474/4 547/2109/4
f 547/2109/4 894/3474/4 549/2117/4
f 549/2117/4 894/3474/4 551/2125/4
f 551/2125/4 894/3474/4 553/2133/4
f 553/2133/4 894/3474/4 555/2141/4
f 555/2141/4 894/3474/4 557/2149/4
f 557/2149/4 894/3474/4 559/2157/4
f 559/2157/4 894/3474/4 561/2165/4
f 561/2165/4 894/3474/4 563/2173/4
f 563/2173/4 894/3474/4 565/2181/4
f 565/2181/4 894/3474/4 567/2189/4
f 567/2189/4 894/3474/4 569/2197/4
f 569/2197/4 894/3474/4 571/2205/4
f 571/2205/4 894/3474/4 573/2213/4
f 573/2213/4 894/3474/4 575/2221/4
f 575/2221/4 894/3474/4 577/2229/4
f 577/2229/4 894/3474/4 579/2237/4
f 579/2237/4 894/3474/4 581/2245/4
f 581/2245/4 894/3474/4 583/2253/4
f 583/2253/4 894/3474/4 585/2261/4
f 585/2261/4 894/3474/4 587/2269/4
f 339/1283/4 337/1275/4 898/3486/4
f 898/3486/4 337/1275/4 335/1267/4
f 898/3486/4 335/1267/4 333/1259/4
f 333/1259/4 331/1251/4 898/3486/4
f 898/3486/4 331/1251/4 329/1243/4
f 898/3486/4 329/1243/4 327/1235/4
f 327/1235/4 325/1227/4 898/3486/4
f 898/3486/4 325/1227/4 323/1219/4
f 898/3486/4 323/1219/4 321/1211/4
f 321/1211/4 319/1203/4 898/3486/4
f 898/3486/4 319/1203/4 317/1195/4
f 898/3486/4 317/1195/4 315/1187/4
f 315/1187/4 313/1179/4 898/3486/4
f 898/3486/4 313/1179/4 311/1171/4
f 898/3486/4 311/1171/4 309/1163/4
f 309/1163/4 307/1155/4 898/3486/4
f 898/3486/4 307/1155/4 305/1147/4
f 898/3486/4 305/1147/4 303/1139/4
f 303/1139/4 301/1131/4 898/3486/4
f 898/3486/4 301/1131/4 299/1123/4
f 857/3347/4 383/1455/4 893/3470/4
f 893/3470/4 383/1455/4 385/1461/4
f 893/3470/4 385/1461/4 597/2309/4
f 597/2309/4 595/2301/4 893/3470/4
f 893/3470/4 595/2301/4 593/2293/4
f 893/3470/4 593/2293/4 591/2285/4
f 10/26/4 864/3372/4 11/30/4
f 904/3502/4 864/3373/4 10/27/4
f 9/23/6 904/3503/6 10/27/6
f 63/188/6 904/3504/6 9/24/6
f 3/5/553 865/3376/553 4/10/553
f 905/3506/553 865/3377/553 3/6/553
f 67/203/2 905/3507/2 2/3/2
f 2/3/2 905/3507/2 3/7/2
f 15/41/2 866/3380/2 16/45/2
f 906/3509/2 866/3381/2 15/42/2
f 14/38/4 906/3510/4 15/42/4
f 65/196/4 906/3511/4 14/39/4
f 896/3479/5 68/208/5 893/3471/5
f 893/3471/5 68/208/5 865/3378/5
f 893/3471/5 865/3378/5 65/197/5
f 65/197/5 865/3378/5 906/3512/5
f 906/3512/5 865/3378/5 905/3508/5
f 906/3512/5 905/3508/5 902/3498/5
f 902/3498/5 905/3508/5 67/204/5
f 902/3498/5 67/204/5 903/3500/5
f 903/3500/5 67/204/5 64/193/5
f 903/3500/5 64/193/5 864/3374/5
f 903/3500/5 864/3374/5 896/3479/5
f 896/3479/5 864/3374/5 904/3505/5
f 896/3479/5 904/3505/5 63/189/5
f 906/3512/5 902/3498/5 866/3382/5
f 866/3382/5 902/3498/5 893/3471/5
f 866/3382/5 893/3471/5 66/201/5
f 66/201/5 893/3471/5 65/197/5
f 896/3479/5 63/189/5 68/208/5
f 68/208/5 63/189/5 64/193/5
f 68/208/5 64/193/5 67/204/5
f 896/3480/553 5/12/553 903/3501/553
f 903/3501/553 5/12/553 8/21/553
f 903/3501/553 8/21/553 18/51/553
f 896/3480/553 895/3477/553 5/12/553
f 5/12/553 895/3477/553 873/3406/553
f 873/3406/553 895/3477/553 897/3483/553
f 873/3406/553 897/3483/553 18/51/553
f 18/51/553 897/3483/553 903/3501/553
f 908/3516/4 914/3533/4 907/3513/4
f 907/3513/4 914/3533/4 911/3526/4
f 907/3513/4 911/3526/4 912/3528/4
f 914/3533/4 908/3516/4 913/3531/4
f 913/3531/4 908/3516/4 909/3519/4
f 913/3531/4 909/3519/4 910/3522/4
f 913/3531/4 910/3522/4 912/3528/4
f 912/3528/4 910/3522/4 907/3513/4
f 911/3527/5 915/3534/5 912/3529/5
f 912/3529/5 915/3534/5 916/3538/5
f 940/3631/553 917/3539/553 1013/3918/553
f 1013/3918/553 917/3539/553 918/3543/553
f 1013/3918/553 918/3543/553 919/3547/553
f 919/3547/553 920/3551/553 1013/3918/553
f 1013/3918/553 920/3551/553 921/3555/553
f 1013/3918/553 921/3555/553 922/3559/553
f 922/3559/553 923/3563/553 1013/3918/553
f 1013/3918/553 923/3563/553 1008/3898/553
f 1013/3918/553 1008/3898/553 1016/3927/553
f 1016/3927/553 1008/3898/553 1009/3902/553
f 1016/3927/553 1009/3902/553 1010/3906/553
f 923/3563/553 924/3567/553 1008/3898/553
f 1008/3898/553 924/3567/553 1007/3894/553
f 1007/3894/553 924/3567/553 925/3571/553
f 1007/3894/553 925/3571/553 1006/3890/553
f 1006/3890/553 925/3571/553 926/3575/553
f 1006/3890/553 926/3575/553 1005/3886/553
f 1005/3886/553 926/3575/553 927/3579/553
f 1005/3886/553 927/3579/553 1004/3882/553
f 1004/3882/553 927/3579/553 928/3583/553
f 1004/3882/553 928/3583/553 1003/3878/553
f 1003/3878/553 928/3583/553 929/3587/553
f 1003/3878/553 929/3587/553 1002/3874/553
f 1002/3874/553 929/3587/553 930/3591/553
f 1002/3874/553 930/3591/553 1001/3870/553
f 1001/3870/553 930/3591/553 952/3680/553
f 1001/3870/553 952/3680/553 977/3776/553
f 977/3776/553 952/3680/553 953/3681/553
f 977/3776/553 953/3681/553 976/3772/553
f 976/3772/553 953/3681/553 954/3684/553
f 976/3772/553 954/3684/553 975/3768/553
f 975/3768/553 954/3684/553 955/3688/553
f 975/3768/553 955/3688/553 974/3764/553
f 974/3764/553 955/3688/553 956/3692/553
f 974/3764/553 956/3692/553 973/3760/553
f 973/3760/553 956/3692/553 957/3696/553
f 973/3760/553 957/3696/553 972/3756/553
f 972/3756/553 957/3696/553 958/3700/553
f 972/3756/553 958/3700/553 971/3752/553
f 971/3752/553 958/3700/553 959/3704/553
f 971/3752/553 959/3704/553 970/3748/553
f 970/3748/553 959/3704/553 1014/3921/553
f 970/3748/553 1014/3921/553 1015/3924/553
f 952/3680/553 930/3591/553 951/3675/553
f 951/3675/553 930/3591/553 931/3595/553
f 951/3675/553 931/3595/553 950/3671/553
f 950/3671/553 931/3595/553 932/3599/553
f 950/3671/553 932/3599/553 949/3667/553
f 949/3667/553 932/3599/553 933/3603/553
f 949/3667/553 933/3603/553 948/3663/553
f 948/3663/553 933/3603/553 934/3607/553
f 948/3663/553 934/3607/553 947/3659/553
f 947/3659/553 934/3607/553 935/3611/553
f 947/3659/553 935/3611/553 946/3655/553
f 946/3655/553 935/3611/553 936/3615/553
f 946/3655/553 936/3615/553 945/3651/553
f 945/3651/553 936/3615/553 937/3619/553
f 945/3651/553 937/3619/553 944/3647/553
f 944/3647/553 937/3619/553 938/3623/553
f 944/3647/553 938/3623/553 1014/3921/553
f 1014/3921/553 938/3623/553 1013/3918/553
f 1013/3918/553 938/3623/553 939/3627/553
f 1013/3918/553 939/3627/553 940/3631/553
f 964/3724/553 941/3635/553 1014/3921/553
f 1014/3921/553 941/3635/553 942/3639/553
f 1014/3921/553 942/3639/553 943/3643/553
f 943/3643/553 944/3647/553 1014/3921/553
f 959/3704/553 960/3708/553 1014/3921/553
f 1014/3921/553 960/3708/553 961/3712/553
f 1014/3921/553 961/3712/553 962/3716/553
f 962/3716/553 963/3720/553 1014/3921/553
f 1014/3921/553 963/3720/553 964/3724/553
f 988/3818/553 965/3728/553 1015/3924/553
f 1015/3924/553 965/3728/553 966/3732/553
f 1015/3924/553 966/3732/553 967/3736/553
f 967/3736/553 968/3740/553 1015/3924/553
f 1015/3924/553 968/3740/553 969/3744/553
f 1015/3924/553 969/3744/553 970/3748/553
f 977/3776/553 978/3779/553 1001/3870/553
f 1001/3870/553 978/3779/553 1000/3866/553
f 1000/3866/553 978/3779/553 979/3782/553
f 1000/3866/553 979/3782/553 999/3862/553
f 999/3862/553 979/3782/553 980/3786/553
f 999/3862/553 980/3786/553 998/3858/553
f 998/3858/553 980/3786/553 981/3790/553
f 998/3858/553 981/3790/553 997/3854/553
f 997/3854/553 981/3790/553 982/3794/553
f 997/3854/553 982/3794/553 996/3850/553
f 996/3850/553 982/3794/553 983/3798/553
f 996/3850/553 983/3798/553 995/3846/553
f 995/3846/553 983/3798/553 984/3802/553
f 995/3846/553 984/3802/553 994/3842/553
f 994/3842/553 984/3802/553 985/3806/553
f 994/3842/553 985/3806/553 993/3838/553
f 993/3838/553 985/3806/553 1015/3924/553
f 993/3838/553 1015/3924/553 1016/3927/553
f 985/3806/553 986/3810/553 1015/3924/553
f 1015/3924/553 986/3810/553 987/3814/553
f 1015/3924/553 987/3814/553 988/3818/553
f 1012/3914/553 989/3822/553 1016/3927/553
f 1016/3927/553 989/3822/553 990/3826/553
f 1016/3927/553 990/3826/553 991/3830/553
f 991/3830/553 992/3834/553 1016/3927/553
f 1016/3927/553 992/3834/553 993/3838/553
f 1010/3906/553 1011/3910/553 1016/3927/553
f 1016/3927/553 1011/3910/553 1012/3914/553
f 1013/3919/5 1017/3930/5 1014/3922/5
f 1014/3922/5 1017/3930/5 1018/3933/5
f 1019/3936/4 1111/4297/4 915/3535/4
f 915/3535/4 1111/4297/4 1112/4301/4
f 915/3535/4 1112/4301/4 1113/4305/4
f 1020/3939/4 1048/4048/4 1019/3936/4
f 1019/3936/4 1048/4048/4 1042/4024/4
f 1019/3936/4 1042/4024/4 1043/4028/4
f 916/3537/4 1062/4104/4 1020/3939/4
f 1020/3939/4 1062/4104/4 1063/4108/4
f 1020/3939/4 1063/4108/4 1064/4112/4
f 915/3535/4 1091/4219/4 916/3537/4
f 916/3537/4 1091/4219/4 1092/4223/4
f 916/3537/4 1092/4223/4 1069/4132/4
f 1044/4032/4 1021/3942/4 1019/3936/4
f 1019/3936/4 1021/3942/4 1022/3946/4
f 1019/3936/4 1022/3946/4 1023/3950/4
f 1023/3950/4 1024/3954/4 1019/3936/4
f 1019/3936/4 1024/3954/4 1025/3958/4
f 1019/3936/4 1025/3958/4 1026/3962/4
f 1026/3962/4 1027/3966/4 1019/3936/4
f 1019/3936/4 1027/3966/4 1028/3970/4
f 1019/3936/4 1028/3970/4 1111/4297/4
f 1111/4297/4 1028/3970/4 1110/4293/4
f 1110/4293/4 1028/3970/4 1029/3974/4
f 1110/4293/4 1029/3974/4 1109/4289/4
f 1109/4289/4 1029/3974/4 1030/3978/4
f 1109/4289/4 1030/3978/4 1108/4285/4
f 1108/4285/4 1030/3978/4 1031/3982/4
f 1108/4285/4 1031/3982/4 1107/4281/4
f 1107/4281/4 1031/3982/4 1032/3986/4
f 1107/4281/4 1032/3986/4 1106/4278/4
f 1106/4278/4 1032/3986/4 1033/3990/4
f 1106/4278/4 1033/3990/4 1105/4275/4
f 1105/4275/4 1033/3990/4 1034/3994/4
f 1105/4275/4 1034/3994/4 1083/4190/4
f 1083/4190/4 1034/3994/4 1056/4080/4
f 1083/4190/4 1056/4080/4 1082/4184/4
f 1082/4184/4 1056/4080/4 1057/4084/4
f 1082/4184/4 1057/4084/4 1081/4180/4
f 1081/4180/4 1057/4084/4 1058/4088/4
f 1081/4180/4 1058/4088/4 1080/4176/4
f 1080/4176/4 1058/4088/4 1059/4092/4
f 1080/4176/4 1059/4092/4 1079/4172/4
f 1079/4172/4 1059/4092/4 1060/4096/4
f 1079/4172/4 1060/4096/4 1078/4168/4
f 1078/4168/4 1060/4096/4 1061/4100/4
f 1078/4168/4 1061/4100/4 1077/4164/4
f 1077/4164/4 1061/4100/4 1062/4104/4
f 1077/4164/4 1062/4104/4 916/3537/4
f 1034/3994/4 1035/3997/4 1056/4080/4
f 1056/4080/4 1035/3997/4 1055/4076/4
f 1055/4076/4 1035/3997/4 1036/4000/4
f 1055/4076/4 1036/4000/4 1054/4072/4
f 1054/4072/4 1036/4000/4 1037/4004/4
f 1054/4072/4 1037/4004/4 1053/4068/4
f 1053/4068/4 1037/4004/4 1038/4008/4
f 1053/4068/4 1038/4008/4 1052/4064/4
f 1052/4064/4 1038/4008/4 1039/4012/4
f 1052/4064/4 1039/4012/4 1051/4060/4
f 1051/4060/4 1039/4012/4 1040/4016/4
f 1051/4060/4 1040/4016/4 1050/4056/4
f 1050/4056/4 1040/4016/4 1041/4020/4
f 1050/4056/4 1041/4020/4 1049/4052/4
f 1049/4052/4 1041/4020/4 1042/4024/4
f 1049/4052/4 1042/4024/4 1048/4048/4
f 1043/4028/4 1044/4032/4 1019/3936/4
f 1068/4128/4 1045/4036/4 1020/3939/4
f 1020/3939/4 1045/4036/4 1046/4040/4
f 1020/3939/4 1046/4040/4 1047/4044/4
f 1047/4044/4 1048/4048/4 1020/3939/4
f 1064/4112/4 1065/4116/4 1020/3939/4
f 1020/3939/4 1065/4116/4 1066/4120/4
f 1020/3939/4 1066/4120/4 1067/4124/4
f 1067/4124/4 1068/4128/4 1020/3939/4
f 1069/4132/4 1070/4136/4 916/3537/4
f 916/3537/4 1070/4136/4 1071/4140/4
f 916/3537/4 1071/4140/4 1072/4144/4
f 1072/4144/4 1073/4148/4 916/3537/4
f 916/3537/4 1073/4148/4 1074/4152/4
f 916/3537/4 1074/4152/4 1075/4156/4
f 1075/4156/4 1076/4160/4 916/3537/4
f 916/3537/4 1076/4160/4 1077/4164/4
f 1105/4275/4 1083/4190/4 1104/4271/4
f 1104/4271/4 1083/4190/4 1084/4191/4
f 1104/4271/4 1084/4191/4 1103/4267/4
f 1103/4267/4 1084/4191/4 1085/4195/4
f 1103/4267/4 1085/4195/4 1102/4263/4
f 1102/4263/4 1085/4195/4 1086/4199/4
f 1102/4263/4 1086/4199/4 1101/4259/4
f 1101/4259/4 1086/4199/4 1087/4203/4
f 1101/4259/4 1087/4203/4 1100/4255/4
f 1100/4255/4 1087/4203/4 1088/4207/4
f 1100/4255/4 1088/4207/4 1099/4251/4
f 1099/4251/4 1088/4207/4 1089/4211/4
f 1099/4251/4 1089/4211/4 1098/4247/4
f 1098/4247/4 1089/4211/4 1090/4215/4
f 1098/4247/4 1090/4215/4 1097/4243/4
f 1097/4243/4 1090/4215/4 1091/4219/4
f 1097/4243/4 1091/4219/4 915/3535/4
f 1116/4317/4 1093/4227/4 915/3535/4
f 915/3535/4 1093/4227/4 1094/4231/4
f 915/3535/4 1094/4231/4 1095/4235/4
f 1095/4235/4 1096/4239/4 915/3535/4
f 915/3535/4 1096/4239/4 1097/4243/4
f 1113/4305/4 1114/4309/4 915/3535/4
f 915/3535/4 1114/4309/4 1115/4313/4
f 915/3535/4 1115/4313/4 1116/4317/4
f 1042/4025/561 945/3652/561 944/3648/561
f 1041/4021/561 945/3653/561 1042/4026/561
f 1041/4022/562 946/3656/562 945/3654/562
f 1040/4017/562 946/3657/562 1041/4023/562
f 1040/4018/563 947/3660/563 946/3658/563
f 1039/4013/563 947/3661/563 1040/4019/563
f 1039/4014/564 948/3664/564 947/3662/564
f 1038/4009/565 948/3665/565 1039/4015/565
f 1038/4010/566 949/3668/566 948/3666/566
f 1037/4005/567 949/3669/567 1038/4011/567
f 1037/4006/568 950/3672/568 949/3670/568
f 1036/4001/569 950/3673/569 1037/4007/569
f 1036/4002/570 951/3676/570 950/3674/570
f 1035/3998/570 951/3677/570 1036/4003/570
f 1034/3995/571 952/3679/571 1035/3999/571
f 1035/3999/572 952/3679/572 951/3678/572
f 952/3680/573 1034/3996/573 953/3682/573
f 953/3682/573 1034/3996/573 1033/3991/573
f 1033/3992/574 954/3685/574 953/3683/574
f 1032/3987/575 954/3686/575 1033/3993/575
f 1032/3988/576 955/3689/576 954/3687/576
f 1031/3983/577 955/3690/577 1032/3989/577
f 1031/3984/578 956/3693/578 955/3691/578
f 1030/3979/578 956/3694/578 1031/3985/578
f 1030/3980/579 957/3697/579 956/3695/579
f 1029/3975/579 957/3698/579 1030/3981/579
f 1029/3976/580 958/3701/580 957/3699/580
f 1028/3971/580 958/3702/580 1029/3977/580
f 1028/3972/581 959/3705/581 958/3703/581
f 1027/3967/581 959/3706/581 1028/3973/581
f 1027/3968/582 960/3709/582 959/3707/582
f 1026/3963/582 960/3710/582 1027/3969/582
f 1026/3964/583 961/3713/583 960/3711/583
f 1025/3959/584 961/3714/584 1026/3965/584
f 1025/3960/585 962/3717/585 961/3715/585
f 1024/3955/585 962/3718/585 1025/3961/585
f 1024/3956/586 963/3721/586 962/3719/586
f 1023/3951/587 963/3722/587 1024/3957/587
f 1023/3952/588 964/3725/588 963/3723/588
f 1022/3947/589 964/3726/589 1023/3953/589
f 1022/3948/590 941/3636/590 964/3727/590
f 1021/3943/590 941/3637/590 1022/3949/590
f 1021/3944/591 942/3640/591 941/3638/591
f 1044/4033/591 942/3641/591 1021/3945/591
f 1044/4034/592 943/3644/592 942/3642/592
f 1043/4029/592 943/3645/592 1044/4035/592
f 1043/4030/593 944/3649/593 943/3646/593
f 1042/4027/594 944/3650/594 1043/4031/594
f 1046/4041/561 917/3540/561 940/3632/561
f 1045/4037/595 917/3541/595 1046/4042/595
f 1045/4038/596 918/3544/596 917/3542/596
f 1068/4129/596 918/3545/596 1045/4039/596
f 1068/4130/597 919/3548/597 918/3546/597
f 1067/4125/598 919/3549/598 1068/4131/598
f 1067/4126/599 920/3552/599 919/3550/599
f 1066/4121/599 920/3553/599 1067/4127/599
f 1066/4122/600 921/3556/600 920/3554/600
f 1065/4117/600 921/3557/600 1066/4123/600
f 1065/4118/569 922/3560/569 921/3558/569
f 1064/4113/569 922/3561/569 1065/4119/569
f 1064/4114/601 923/3564/601 922/3562/601
f 1063/4109/601 923/3565/601 1064/4115/601
f 1063/4110/602 924/3568/602 923/3566/602
f 1062/4105/603 924/3569/603 1063/4111/603
f 1062/4106/573 925/3572/573 924/3570/573
f 1061/4101/573 925/3573/573 1062/4107/573
f 1061/4102/574 926/3576/574 925/3574/574
f 1060/4097/575 926/3577/575 1061/4103/575
f 1060/4098/604 927/3580/604 926/3578/604
f 1059/4093/604 927/3581/604 1060/4099/604
f 1059/4094/605 928/3584/605 927/3582/605
f 1058/4089/606 928/3585/606 1059/4095/606
f 1058/4090/579 929/3588/579 928/3586/579
f 1057/4085/579 929/3589/579 1058/4091/579
f 1057/4086/607 930/3592/607 929/3590/607
f 1056/4081/608 930/3593/608 1057/4087/608
f 1056/4082/609 931/3596/609 930/3594/609
f 1055/4077/610 931/3597/610 1056/4083/610
f 1055/4078/582 932/3600/582 931/3598/582
f 1054/4073/611 932/3601/611 1055/4079/611
f 1054/4074/612 933/3604/612 932/3602/612
f 1053/4069/612 933/3605/612 1054/4075/612
f 1053/4070/613 934/3608/613 933/3606/613
f 1052/4065/614 934/3609/614 1053/4071/614
f 1052/4066/587 935/3612/587 934/3610/587
f 1051/4061/586 935/3613/586 1052/4067/586
f 1051/4062/615 936/3616/615 935/3614/615
f 1050/4057/616 936/3617/616 1051/4063/616
f 1050/4058/617 937/3620/617 936/3618/617
f 1049/4053/617 937/3621/617 1050/4059/617
f 1049/4054/618 938/3624/618 937/3622/618
f 1048/4049/618 938/3625/618 1049/4055/618
f 1048/4050/592 939/3628/592 938/3626/592
f 1047/4045/619 939/3629/619 1048/4051/619
f 1047/4046/593 940/3633/593 939/3630/593
f 1046/4043/593 940/3634/593 1047/4047/593
f 1107/4282/620 976/3773/620 975/3769/620
f 1106/4279/620 976/3774/620 1107/4283/620
f 1105/4276/621 977/3777/621 1106/4280/621
f 1106/4280/621 977/3777/621 976/3775/621
f 977/3778/563 1105/4277/563 978/3780/563
f 978/3780/622 1105/4277/622 1104/4272/622
f 1104/4273/564 979/3783/564 978/3781/564
f 1103/4268/565 979/3784/565 1104/4274/565
f 1103/4269/600 980/3787/600 979/3785/600
f 1102/4264/600 980/3788/600 1103/4270/600
f 1102/4265/569 981/3791/569 980/3789/569
f 1101/4260/569 981/3792/569 1102/4266/569
f 1101/4261/570 982/3795/570 981/3793/570
f 1100/4256/623 982/3796/623 1101/4262/623
f 1100/4257/572 983/3799/572 982/3797/572
f 1099/4252/572 983/3800/572 1100/4258/572
f 1099/4253/624 984/3803/624 983/3801/624
f 1098/4248/624 984/3804/624 1099/4254/624
f 1098/4249/575 985/3807/575 984/3805/575
f 1097/4244/575 985/3808/575 1098/4250/575
f 1097/4245/577 986/3811/577 985/3809/577
f 1096/4240/577 986/3812/577 1097/4246/577
f 1096/4241/625 987/3815/625 986/3813/625
f 1095/4236/625 987/3816/625 1096/4242/625
f 1095/4237/626 988/3819/626 987/3817/626
f 1094/4232/626 988/3820/626 1095/4238/626
f 1094/4233/608 965/3729/608 988/3821/608
f 1093/4228/608 965/3730/608 1094/4234/608
f 1093/4229/581 966/3733/581 965/3731/581
f 1116/4318/581 966/3734/581 1093/4230/581
f 1116/4319/582 967/3737/582 966/3735/582
f 1115/4314/611 967/3738/611 1116/4320/611
f 1115/4315/612 968/3741/612 967/3739/612
f 1114/4310/612 968/3742/612 1115/4316/612
f 1114/4311/613 969/3745/613 968/3743/613
f 1113/4306/614 969/3746/614 1114/4312/614
f 1113/4307/586 970/3749/586 969/3747/586
f 1112/4302/587 970/3750/587 1113/4308/587
f 1112/4303/588 971/3753/588 970/3751/588
f 1111/4298/588 971/3754/588 1112/4304/588
f 1111/4299/627 972/3757/627 971/3755/627
f 1110/4294/627 972/3758/627 1111/4300/627
f 1110/4295/628 973/3761/628 972/3759/628
f 1109/4290/628 973/3762/628 1110/4296/628
f 1109/4291/619 974/3765/619 973/3763/619
f 1108/4286/629 974/3766/629 1109/4292/629
f 1108/4287/630 975/3770/630 974/3767/630
f 1107/4284/630 975/3771/630 1108/4288/630
f 1079/4173/595 1006/3891/595 1005/3887/595
f 1078/4169/620 1006/3892/620 1079/4174/620
f 1078/4170/631 1007/3895/631 1006/3893/631
f 1077/4165/631 1007/3896/631 1078/4171/631
f 1077/4166/563 1008/3899/563 1007/3897/563
f 1076/4161/622 1008/3900/622 1077/4167/622
f 1076/4162/599 1009/3903/599 1008/3901/599
f 1075/4157/599 1009/3904/599 1076/4163/599
f 1075/4158/632 1010/3907/632 1009/3905/632
f 1074/4153/632 1010/3908/632 1075/4159/632
f 1074/4154/568 1011/3911/568 1010/3909/568
f 1073/4149/569 1011/3912/569 1074/4155/569
f 1073/4150/601 1012/3915/601 1011/3913/601
f 1072/4145/601 1012/3916/601 1073/4151/601
f 1072/4146/571 989/3823/571 1012/3917/571
f 1071/4141/571 989/3824/571 1072/4147/571
f 1071/4142/633 990/3827/633 989/3825/633
f 1070/4137/634 990/3828/634 1071/4143/634
f 1070/4138/635 991/3831/635 990/3829/635
f 1069/4133/635 991/3832/635 1070/4139/635
f 1069/4134/636 992/3835/636 991/3833/636
f 1092/4224/636 992/3836/636 1069/4135/636
f 1092/4225/637 993/3839/637 992/3837/637
f 1091/4220/605 993/3840/605 1092/4226/605
f 1091/4221/638 994/3843/638 993/3841/638
f 1090/4216/638 994/3844/638 1091/4222/638
f 1090/4217/580 995/3847/580 994/3845/580
f 1089/4212/639 995/3848/639 1090/4218/639
f 1089/4213/640 996/3851/640 995/3849/640
f 1088/4208/609 996/3852/609 1089/4214/609
f 1088/4209/641 997/3855/641 996/3853/641
f 1087/4204/641 997/3856/641 1088/4210/641
f 1087/4205/642 998/3859/642 997/3857/642
f 1086/4200/643 998/3860/643 1087/4206/643
f 1086/4201/613 999/3863/613 998/3861/613
f 1085/4196/613 999/3864/613 1086/4202/613
f 1085/4197/644 1000/3867/644 999/3865/644
f 1084/4192/644 1000/3868/644 1085/4198/644
f 1084/4193/588 1001/3871/588 1000/3869/588
f 1083/4188/588 1001/3872/588 1084/4194/588
f 1083/4189/645 1002/3875/645 1001/3873/645
f 1082/4185/645 1002/3876/645 1083/4190/645
f 1082/4186/618 1003/3879/618 1002/3877/618
f 1081/4181/618 1003/3880/618 1082/4187/618
f 1081/4182/619 1004/3883/619 1003/3881/619
f 1080/4177/592 1004/3884/592 1081/4183/592
f 1080/4178/646 1005/3888/646 1004/3885/646
f 1079/4175/646 1005/3889/646 1080/4179/646
f 912/3529/2 916/3538/2 913/3530/2
f 913/3530/2 916/3538/2 1020/3940/2
f 914/3532/6 1019/3937/6 911/3527/6
f 911/3527/6 1019/3937/6 915/3536/6
f 1019/3938/1 914/3533/1 1020/3941/1
f 1020/3941/1 914/3533/1 913/3531/1
f 1014/3923/2 1018/3934/2 1015/3925/2
f 1015/3925/2 1018/3934/2 1117/4321/2
f 1016/3928/6 1118/4324/6 1013/3920/6
f 1013/3920/6 1118/4324/6 1017/3931/6
f 1015/3926/1 1117/4322/1 1016/3929/1
f 1016/3929/1 1117/4322/1 1118/4325/1
f 1120/4329/1 907/3514/1 1119/4327/1
f 1119/4327/1 907/3514/1 910/3523/1
f 1119/4327/4 1118/4326/4 1120/4329/4
f 1120/4329/4 1118/4326/4 1117/4323/4
f 1120/4329/4 1117/4323/4 1018/3935/4
f 1118/4326/4 1119/4327/4 1017/3932/4
f 1017/3932/4 1119/4327/4 1121/4330/4
f 1017/3932/4 1121/4330/4 1122/4333/4
f 1017/3932/4 1122/4333/4 1018/3935/4
f 1018/3935/4 1122/4333/4 1120/4329/4
f 1122/4334/2 908/3517/2 1120/4329/2
f 1120/4329/2 908/3517/2 907/3515/2
f 1122/4335/5 909/3521/5 908/3518/5
f 1121/4331/5 909/3520/5 1122/4336/5
f 910/3524/6 1121/4331/6 1119/4328/6
f 909/3521/6 1121/4332/6 910/3525/6
